survived,pclass,sex,age,sibsp,parch,fare,embarked,class,who,adult_male,embark_town,alone,group_survival_rate,group_avg_fare,fare_zscore,age_group
0,3,male,22.0,1,0,7.25,S,Third,man,True,Southampton,False,0.13544668587896252,12.661632564841499,-0.5002397510893574,"(20, 30]"
1,1,female,38.0,1,0,71.2833,C,First,woman,False,Cherbourg,False,0.967391304347826,106.69375000000001,0.788946607905507,"(30, 40]"
1,3,female,26.0,0,0,7.925,S,Third,woman,False,Southampton,True,0.5,16.118809722222224,-0.48664993466069395,"(20, 30]"
1,1,female,35.0,1,0,53.1,S,First,woman,False,Southampton,False,0.967391304347826,106.69375000000001,0.4228611129909654,"(30, 40]"
0,3,male,35.0,0,0,8.05,S,Third,man,True,Southampton,True,0.13544668587896252,12.661632564841499,-0.4841333019887193,"(30, 40]"
0,3,male,25.0,0,0,8.4583,Q,Third,man,True,Queenstown,True,0.13544668587896252,12.661632564841499,-0.47591297302898106,"(20, 30]"
0,1,male,54.0,0,0,51.8625,S,First,man,True,Southampton,True,0.36885245901639346,67.22612704918032,0.39794644953841574,"(50, 60]"
0,3,male,2.0,3,1,21.075,S,Third,child,False,Southampton,False,0.13544668587896252,12.661632564841499,-0.22190017756895475,"(0, 10]"
1,3,female,27.0,0,2,11.1333,S,Third,woman,False,Southampton,False,0.5,16.118809722222224,-0.4220570338487224,"(20, 30]"
1,2,female,14.0,1,0,30.0708,C,Second,child,False,Cherbourg,False,0.9210526315789473,21.97012105263158,-0.040787184044554156,"(10, 20]"
1,3,female,4.0,1,1,16.7,S,Third,child,False,Southampton,False,0.5,16.118809722222224,-0.3099823210880695,"(0, 10]"
1,1,female,58.0,0,0,26.55,S,First,woman,False,Southampton,True,0.967391304347826,106.69375000000001,-0.11167166653646252,"(50, 60]"
0,3,male,20.0,0,0,8.05,S,Third,man,True,Southampton,True,0.13544668587896252,12.661632564841499,-0.4841333019887193,"(10, 20]"
0,3,male,39.0,1,5,31.275,S,Third,man,True,Southampton,False,0.13544668587896252,12.661632564841499,-0.016542951535818605,"(30, 40]"
0,3,female,14.0,0,0,7.8542,S,Third,child,False,Southampton,True,0.5,16.118809722222224,-0.4880753554061005,"(10, 20]"
1,2,female,55.0,0,0,16.0,S,Second,woman,False,Southampton,True,0.9210526315789473,21.97012105263158,-0.32407546405112786,"(50, 60]"
0,3,male,2.0,4,1,29.125,Q,Third,child,False,Queenstown,False,0.13544668587896252,12.661632564841499,-0.05982903349378355,"(0, 10]"
1,2,male,30.0,0,0,13.0,S,Second,man,True,Southampton,True,0.1574074074074074,19.74178240740741,-0.38447464817852084,"(20, 30]"
0,3,female,31.0,1,0,18.0,S,Third,woman,False,Southampton,False,0.5,16.118809722222224,-0.28380934129953256,"(30, 40]"
1,3,female,21.5,0,0,7.225,C,Third,woman,False,Cherbourg,True,0.5,16.118809722222224,-0.5007430776237524,"(20, 30]"
0,2,male,35.0,0,0,26.0,S,Second,man,True,Southampton,True,0.1574074074074074,19.74178240740741,-0.12274485029315124,"(30, 40]"
1,2,male,34.0,0,0,13.0,S,Second,man,True,Southampton,True,0.1574074074074074,19.74178240740741,-0.38447464817852084,"(30, 40]"
1,3,female,15.0,0,0,8.0292,Q,Third,child,False,Queenstown,True,0.5,16.118809722222224,-0.48455206966533587,"(10, 20]"
1,1,male,28.0,0,0,35.5,S,First,man,True,Southampton,True,0.36885245901639346,67.22612704918032,0.06851923277692655,"(20, 30]"
0,3,female,8.0,3,1,21.075,S,Third,child,False,Southampton,False,0.5,16.118809722222224,-0.22190017756895475,"(0, 10]"
1,3,female,38.0,1,5,31.3875,S,Third,woman,False,Southampton,False,0.5,16.118809722222224,-0.014277982131041355,"(30, 40]"
0,3,male,25.0,0,0,7.225,C,Third,man,True,Cherbourg,True,0.13544668587896252,12.661632564841499,-0.5007430776237524,"(20, 30]"
0,1,male,19.0,3,2,263.0,S,First,man,True,Southampton,False,0.36885245901639346,67.22612704918032,4.648790695770894,"(10, 20]"
1,3,female,21.5,0,0,7.8792,Q,Third,woman,False,Queenstown,True,0.5,16.118809722222224,-0.4875720288717055,"(20, 30]"
0,3,male,25.0,0,0,7.8958,S,Third,man,True,Southampton,True,0.13544668587896252,12.661632564841499,-0.48723782005286725,"(20, 30]"
0,1,male,40.0,0,0,27.7208,C,First,man,True,Cherbourg,True,0.36885245901639346,67.22612704918032,-0.08809987827767862,"(30, 40]"
1,1,female,35.0,1,0,146.5208,C,First,woman,False,Cherbourg,False,0.967391304347826,106.69375000000001,2.3037078131670836,"(30, 40]"
1,3,female,21.5,0,0,7.75,Q,Third,woman,False,Queenstown,True,0.5,16.118809722222224,-0.49017322040145855,"(20, 30]"
0,2,male,66.0,0,0,10.5,S,Second,man,True,Southampton,True,0.1574074074074074,19.74178240740741,-0.434807301618015,"(60, 100]"
0,1,male,28.0,1,0,82.1708,C,First,man,True,Cherbourg,False,0.36885245901639346,67.22612704918032,1.008145313634504,"(20, 30]"
0,1,male,42.0,1,0,52.0,S,First,man,True,Southampton,False,0.36885245901639346,67.22612704918032,0.40071474547758795,"(40, 50]"
1,3,male,25.0,0,0,7.2292,C,Third,man,True,Cherbourg,True,0.13544668587896252,12.661632564841499,-0.500658518765974,"(20, 30]"
0,3,male,21.0,0,0,8.05,S,Third,man,True,Southampton,True,0.13544668587896252,12.661632564841499,-0.4841333019887193,"(20, 30]"
0,3,female,18.0,2,0,18.0,S,Third,woman,False,Southampton,False,0.5,16.118809722222224,-0.28380934129953256,"(10, 20]"
1,3,female,14.0,1,0,11.2417,C,Third,child,False,Cherbourg,False,0.5,16.118809722222224,-0.41987460999558585,"(10, 20]"
0,3,female,40.0,1,0,9.475,S,Third,woman,False,Southampton,False,0.5,16.118809722222224,-0.4554436895282076,"(30, 40]"
0,2,female,27.0,1,0,21.0,S,Second,woman,False,Southampton,False,0.9210526315789473,21.97012105263158,-0.22341015717213955,"(20, 30]"
0,3,male,25.0,0,0,7.8958,C,Third,man,True,Cherbourg,True,0.13544668587896252,12.661632564841499,-0.48723782005286725,"(20, 30]"
1,2,female,3.0,1,2,41.5792,C,Second,child,False,Cherbourg,False,0.9210526315789473,21.97012105263158,0.1909121394926757,"(0, 10]"
1,3,female,19.0,0,0,7.8792,Q,Third,woman,False,Queenstown,True,0.5,16.118809722222224,-0.4875720288717055,"(10, 20]"
0,3,male,25.0,0,0,8.05,S,Third,man,True,Southampton,True,0.13544668587896252,12.661632564841499,-0.4841333019887193,"(20, 30]"
0,3,male,25.0,1,0,15.5,Q,Third,man,True,Queenstown,False,0.13544668587896252,12.661632564841499,-0.33414199473902667,"(20, 30]"
1,3,female,21.5,0,0,7.75,Q,Third,woman,False,Queenstown,True,0.5,16.118809722222224,-0.49017322040145855,"(20, 30]"
0,3,male,25.0,2,0,21.6792,C,Third,man,True,Cherbourg,False,0.13544668587896252,12.661632564841499,-0.20973578188569775,"(20, 30]"
0,3,female,18.0,1,0,17.8,S,Third,woman,False,Southampton,False,0.5,16.118809722222224,-0.28783595357469205,"(10, 20]"
0,3,male,7.0,4,1,39.6875,S,Third,child,False,Southampton,False,0.13544668587896252,12.661632564841499,0.15282642728807924,"(0, 10]"
0,3,male,21.0,0,0,7.8,S,Third,man,True,Southampton,True,0.13544668587896252,12.661632564841499,-0.48916656733266867,"(20, 30]"
1,1,female,49.0,1,0,76.7292,C,First,woman,False,Cherbourg,False,0.967391304347826,106.69375000000001,0.8985892468519636,"(40, 50]"
1,2,female,29.0,1,0,26.0,S,Second,woman,False,Southampton,False,0.9210526315789473,21.97012105263158,-0.12274485029315124,"(20, 30]"
0,1,male,65.0,0,1,61.9792,C,First,man,True,Cherbourg,False,0.36885245901639346,67.22612704918032,0.6016265915589479,"(60, 100]"
1,1,male,40.0,0,0,35.5,S,First,man,True,Southampton,True,0.36885245901639346,67.22612704918032,0.06851923277692655,"(30, 40]"
1,2,female,21.0,0,0,10.5,S,Second,woman,False,Southampton,True,0.9210526315789473,21.97012105263158,-0.434807301618015,"(20, 30]"
0,3,male,28.5,0,0,7.2292,C,Third,man,True,Cherbourg,True,0.13544668587896252,12.661632564841499,-0.500658518765974,"(20, 30]"
1,2,female,5.0,1,2,27.75,S,Second,child,False,Southampton,False,0.9210526315789473,21.97012105263158,-0.08751199288550533,"(0, 10]"
0,3,male,11.0,5,2,46.9,S,Third,child,False,Southampton,False,0.13544668587896252,12.661632564841499,0.29803613246101984,"(10, 20]"
0,3,male,22.0,0,0,7.2292,C,Third,man,True,Cherbourg,True,0.13544668587896252,12.661632564841499,-0.500658518765974,"(20, 30]"
0,1,male,45.0,1,0,83.475,S,First,man,True,Southampton,False,0.36885245901639346,67.22612704918032,1.0344028522808193,"(40, 50]"
0,3,male,4.0,3,2,27.9,S,Third,child,False,Southampton,False,0.13544668587896252,12.661632564841499,-0.08449203367913571,"(0, 10]"
0,1,male,40.0,0,0,27.7208,C,First,man,True,Cherbourg,True,0.36885245901639346,67.22612704918032,-0.08809987827767862,"(30, 40]"
1,3,male,25.0,1,1,15.2458,C,Third,man,True,Cherbourg,False,0.13544668587896252,12.661632564841499,-0.33925981894075447,"(20, 30]"
1,2,female,29.0,0,0,10.5,S,Second,woman,False,Southampton,True,0.9210526315789473,21.97012105263158,-0.434807301618015,"(20, 30]"
0,3,male,19.0,0,0,8.1583,S,Third,man,True,Southampton,True,0.13544668587896252,12.661632564841499,-0.4819528914417204,"(10, 20]"
1,3,female,17.0,4,2,7.925,S,Third,woman,False,Southampton,False,0.5,16.118809722222224,-0.48664993466069395,"(10, 20]"
0,3,male,26.0,2,0,8.6625,S,Third,man,True,Southampton,False,0.13544668587896252,12.661632564841499,-0.4718018018960432,"(20, 30]"
0,2,male,32.0,0,0,10.5,S,Second,man,True,Southampton,True,0.1574074074074074,19.74178240740741,-0.434807301618015,"(30, 40]"
0,3,female,16.0,5,2,46.9,S,Third,woman,False,Southampton,False,0.5,16.118809722222224,0.29803613246101984,"(10, 20]"
0,2,male,21.0,0,0,73.5,S,Second,man,True,Southampton,True,0.1574074074074074,19.74178240740741,0.8335755650572377,"(20, 30]"
0,3,male,26.0,1,0,14.4542,C,Third,man,True,Cherbourg,False,0.13544668587896252,12.661632564841499,-0.3551971503258359,"(20, 30]"
1,3,male,32.0,0,0,56.4958,S,Third,man,True,Southampton,True,0.13544668587896252,12.661632564841499,0.4912289628108992,"(30, 40]"
0,3,male,25.0,0,0,7.65,S,Third,man,True,Southampton,True,0.13544668587896252,12.661632564841499,-0.4921865265390384,"(20, 30]"
0,3,male,25.0,0,0,7.8958,S,Third,man,True,Southampton,True,0.13544668587896252,12.661632564841499,-0.48723782005286725,"(20, 30]"
0,3,male,25.0,0,0,8.05,S,Third,man,True,Southampton,True,0.13544668587896252,12.661632564841499,-0.4841333019887193,"(20, 30]"
1,2,male,0.83,0,2,29.0,S,Second,child,False,Southampton,False,0.1574074074074074,19.74178240740741,-0.06234566616575826,"(0, 10]"
1,3,female,30.0,0,0,12.475,S,Third,woman,False,Southampton,True,0.5,16.118809722222224,-0.3950445054008146,"(20, 30]"
0,3,male,22.0,0,0,9.0,S,Third,man,True,Southampton,True,0.13544668587896252,12.661632564841499,-0.4650068936817115,"(20, 30]"
1,3,male,29.0,0,0,9.5,S,Third,man,True,Southampton,True,0.13544668587896252,12.661632564841499,-0.4549403629938127,"(20, 30]"
1,3,female,21.5,0,0,7.7875,Q,Third,woman,False,Queenstown,True,0.5,16.118809722222224,-0.4894182305998661,"(20, 30]"
0,1,male,28.0,0,0,47.1,S,First,man,True,Southampton,True,0.36885245901639346,67.22612704918032,0.30206274473617944,"(20, 30]"
1,2,female,17.0,0,0,10.5,S,Second,woman,False,Southampton,True,0.9210526315789473,21.97012105263158,-0.434807301618015,"(10, 20]"
1,3,female,33.0,3,0,15.85,S,Third,woman,False,Southampton,False,0.5,16.118809722222224,-0.32709542325749746,"(30, 40]"
0,3,male,16.0,1,3,34.375,S,Third,man,True,Southampton,False,0.13544668587896252,12.661632564841499,0.045869538729154176,"(10, 20]"
0,3,male,25.0,0,0,8.05,S,Third,man,True,Southampton,True,0.13544668587896252,12.661632564841499,-0.4841333019887193,"(20, 30]"
1,1,female,23.0,3,2,263.0,S,First,woman,False,Southampton,False,0.967391304347826,106.69375000000001,4.648790695770894,"(20, 30]"
0,3,male,24.0,0,0,8.05,S,Third,man,True,Southampton,True,0.13544668587896252,12.661632564841499,-0.4841333019887193,"(20, 30]"
0,3,male,29.0,0,0,8.05,S,Third,man,True,Southampton,True,0.13544668587896252,12.661632564841499,-0.4841333019887193,"(20, 30]"
0,3,male,20.0,0,0,7.8542,S,Third,man,True,Southampton,True,0.13544668587896252,12.661632564841499,-0.4880753554061005,"(10, 20]"
0,1,male,46.0,1,0,61.175,S,First,man,True,Southampton,False,0.36885245901639346,67.22612704918032,0.5854355836005315,"(40, 50]"
0,3,male,26.0,1,2,20.575,S,Third,man,True,Southampton,False,0.13544668587896252,12.661632564841499,-0.2319667082568536,"(20, 30]"
0,3,male,59.0,0,0,7.25,S,Third,man,True,Southampton,True,0.13544668587896252,12.661632564841499,-0.5002397510893574,"(50, 60]"
0,3,male,25.0,0,0,8.05,S,Third,man,True,Southampton,True,0.13544668587896252,12.661632564841499,-0.4841333019887193,"(20, 30]"
0,1,male,71.0,0,0,34.6542,C,First,man,True,Cherbourg,True,0.36885245901639346,67.22612704918032,0.05149068946527694,"(60, 100]"
1,1,male,23.0,0,1,63.3583,C,First,man,True,Cherbourg,False,0.36885245901639346,67.22612704918032,0.6293920965023105,"(20, 30]"
1,2,female,34.0,0,1,23.0,S,Second,woman,False,Southampton,False,0.9210526315789473,21.97012105263158,-0.18314403442054422,"(30, 40]"
0,2,male,34.0,1,0,26.0,S,Second,man,True,Southampton,False,0.1574074074074074,19.74178240740741,-0.12274485029315124,"(30, 40]"
0,3,female,28.0,0,0,7.8958,S,Third,woman,False,Southampton,True,0.5,16.118809722222224,-0.48723782005286725,"(20, 30]"
0,3,male,25.0,0,0,7.8958,S,Third,man,True,Southampton,True,0.13544668587896252,12.661632564841499,-0.48723782005286725,"(20, 30]"
0,1,male,21.0,0,1,77.2875,S,First,man,True,Southampton,False,0.36885245901639346,67.22612704918032,0.9098295350180712,"(20, 30]"
0,3,male,33.0,0,0,8.6542,S,Third,man,True,Southampton,True,0.13544668587896252,12.661632564841499,-0.47196890630546234,"(30, 40]"
0,3,male,37.0,2,0,7.925,S,Third,man,True,Southampton,False,0.13544668587896252,12.661632564841499,-0.48664993466069395,"(30, 40]"
0,3,male,28.0,0,0,7.8958,S,Third,man,True,Southampton,True,0.13544668587896252,12.661632564841499,-0.48723782005286725,"(20, 30]"
1,3,female,21.0,0,0,7.65,S,Third,woman,False,Southampton,True,0.5,16.118809722222224,-0.4921865265390384,"(20, 30]"
1,3,male,25.0,0,0,7.775,S,Third,man,True,Southampton,True,0.13544668587896252,12.661632564841499,-0.48966989386706367,"(20, 30]"
0,3,male,38.0,0,0,7.8958,S,Third,man,True,Southampton,True,0.13544668587896252,12.661632564841499,-0.48723782005286725,"(30, 40]"
1,3,female,21.5,1,0,24.15,Q,Third,woman,False,Queenstown,False,0.5,16.118809722222224,-0.15999101383837694,"(20, 30]"
0,1,male,47.0,0,0,52.0,S,First,man,True,Southampton,True,0.36885245901639346,67.22612704918032,0.40071474547758795,"(40, 50]"
0,3,female,14.5,1,0,14.4542,C,Third,child,False,Cherbourg,False,0.5,16.118809722222224,-0.3551971503258359,"(10, 20]"
0,3,male,22.0,0,0,8.05,S,Third,man,True,Southampton,True,0.13544668587896252,12.661632564841499,-0.4841333019887193,"(20, 30]"
0,3,female,20.0,1,0,9.825,S,Third,woman,False,Southampton,False,0.5,16.118809722222224,-0.4483971180466784,"(10, 20]"
0,3,female,17.0,0,0,14.4583,C,Third,woman,False,Cherbourg,True,0.5,16.118809722222224,-0.3551146047741951,"(10, 20]"
0,3,male,21.0,0,0,7.925,S,Third,man,True,Southampton,True,0.13544668587896252,12.661632564841499,-0.48664993466069395,"(20, 30]"
0,3,male,70.5,0,0,7.75,Q,Third,man,True,Queenstown,True,0.13544668587896252,12.661632564841499,-0.49017322040145855,"(60, 100]"
0,2,male,29.0,1,0,21.0,S,Second,man,True,Southampton,False,0.1574074074074074,19.74178240740741,-0.22341015717213955,"(20, 30]"
0,1,male,24.0,0,1,247.5208,C,First,man,True,Cherbourg,False,0.36885245901639346,67.22612704918032,4.337147012122648,"(20, 30]"
0,3,female,2.0,4,2,31.275,S,Third,child,False,Southampton,False,0.5,16.118809722222224,-0.016542951535818605,"(0, 10]"
0,2,male,21.0,2,0,73.5,S,Second,man,True,Southampton,False,0.1574074074074074,19.74178240740741,0.8335755650572377,"(20, 30]"
0,3,male,25.0,0,0,8.05,S,Third,man,True,Southampton,True,0.13544668587896252,12.661632564841499,-0.4841333019887193,"(20, 30]"
0,2,male,32.5,1,0,30.0708,C,Second,man,True,Cherbourg,False,0.1574074074074074,19.74178240740741,-0.040787184044554156,"(30, 40]"
1,2,female,32.5,0,0,13.0,S,Second,woman,False,Southampton,True,0.9210526315789473,21.97012105263158,-0.38447464817852084,"(30, 40]"
0,1,male,54.0,0,1,77.2875,S,First,man,True,Southampton,False,0.36885245901639346,67.22612704918032,0.9098295350180712,"(50, 60]"
1,3,male,12.0,1,0,11.2417,C,Third,child,False,Cherbourg,False,0.13544668587896252,12.661632564841499,-0.41987460999558585,"(10, 20]"
0,3,male,25.0,0,0,7.75,Q,Third,man,True,Queenstown,True,0.13544668587896252,12.661632564841499,-0.49017322040145855,"(20, 30]"
1,3,male,24.0,0,0,7.1417,S,Third,man,True,Southampton,True,0.13544668587896252,12.661632564841499,-0.5024201616363563,"(20, 30]"
1,3,female,21.5,1,1,22.3583,C,Third,woman,False,Cherbourg,False,0.5,16.118809722222224,-0.19606341990539358,"(20, 30]"
0,3,male,45.0,0,0,6.975,S,Third,man,True,Southampton,True,0.13544668587896252,12.661632564841499,-0.5057763429677017,"(40, 50]"
0,3,male,33.0,0,0,7.8958,C,Third,man,True,Cherbourg,True,0.13544668587896252,12.661632564841499,-0.48723782005286725,"(30, 40]"
0,3,male,20.0,0,0,7.05,S,Third,man,True,Southampton,True,0.13544668587896252,12.661632564841499,-0.5042663633645169,"(10, 20]"
0,3,female,47.0,1,0,14.5,S,Third,woman,False,Southampton,False,0.5,16.118809722222224,-0.35427505611482435,"(40, 50]"
1,2,female,29.0,1,0,26.0,S,Second,woman,False,Southampton,False,0.9210526315789473,21.97012105263158,-0.12274485029315124,"(20, 30]"
0,2,male,25.0,0,0,13.0,S,Second,man,True,Southampton,True,0.1574074074074074,19.74178240740741,-0.38447464817852084,"(20, 30]"
0,2,male,23.0,0,0,15.0458,C,Second,man,True,Cherbourg,True,0.1574074074074074,19.74178240740741,-0.343286431215914,"(20, 30]"
1,1,female,19.0,0,2,26.2833,S,First,woman,False,Southampton,False,0.967391304347826,106.69375000000001,-0.11704115400538775,"(10, 20]"
0,1,male,37.0,1,0,53.1,S,First,man,True,Southampton,False,0.36885245901639346,67.22612704918032,0.4228611129909654,"(30, 40]"
0,3,male,16.0,0,0,9.2167,S,Third,man,True,Southampton,True,0.13544668587896252,12.661632564841499,-0.46064405928157615,"(10, 20]"
0,1,male,24.0,0,0,79.2,C,First,man,True,Cherbourg,True,0.36885245901639346,67.22612704918032,0.9483340148992845,"(20, 30]"
0,3,female,21.5,0,2,15.2458,C,Third,woman,False,Cherbourg,False,0.5,16.118809722222224,-0.33925981894075447,"(20, 30]"
1,3,female,22.0,0,0,7.75,S,Third,woman,False,Southampton,True,0.5,16.118809722222224,-0.49017322040145855,"(20, 30]"
1,3,female,24.0,1,0,15.85,S,Third,woman,False,Southampton,False,0.5,16.118809722222224,-0.32709542325749746,"(20, 30]"
0,3,male,19.0,0,0,6.75,Q,Third,man,True,Queenstown,True,0.13544668587896252,12.661632564841499,-0.5103062817772562,"(10, 20]"
0,2,male,18.0,0,0,11.5,S,Second,man,True,Southampton,True,0.1574074074074074,19.74178240740741,-0.41467424024221733,"(10, 20]"
0,2,male,19.0,1,1,36.75,S,Second,man,True,Southampton,False,0.1574074074074074,19.74178240740741,0.09368555949667362,"(10, 20]"
1,3,male,27.0,0,0,7.7958,S,Third,man,True,Southampton,True,0.13544668587896252,12.661632564841499,-0.489251126190447,"(20, 30]"
0,3,female,9.0,2,2,34.375,S,Third,child,False,Southampton,False,0.5,16.118809722222224,0.045869538729154176,"(0, 10]"
0,2,male,36.5,0,2,26.0,S,Second,man,True,Southampton,False,0.1574074074074074,19.74178240740741,-0.12274485029315124,"(30, 40]"
0,2,male,42.0,0,0,13.0,S,Second,man,True,Southampton,True,0.1574074074074074,19.74178240740741,-0.38447464817852084,"(40, 50]"
0,2,male,51.0,0,0,12.525,S,Second,man,True,Southampton,True,0.1574074074074074,19.74178240740741,-0.39403785233202476,"(50, 60]"
1,1,female,22.0,1,0,66.6,S,First,woman,False,Southampton,False,0.967391304347826,106.69375000000001,0.6946574415642337,"(20, 30]"
0,3,male,55.5,0,0,8.05,S,Third,man,True,Southampton,True,0.13544668587896252,12.661632564841499,-0.4841333019887193,"(50, 60]"
0,3,male,40.5,0,2,14.5,S,Third,man,True,Southampton,False,0.13544668587896252,12.661632564841499,-0.35427505611482435,"(40, 50]"
0,3,male,25.0,0,0,7.3125,S,Third,man,True,Southampton,True,0.13544668587896252,12.661632564841499,-0.49898143475337003,"(20, 30]"
0,1,male,51.0,0,1,61.3792,C,First,man,True,Cherbourg,False,0.36885245901639346,67.22612704918032,0.5895467547334693,"(50, 60]"
1,3,female,16.0,0,0,7.7333,Q,Third,woman,False,Queenstown,True,0.5,16.118809722222224,-0.4905094425264344,"(10, 20]"
0,3,male,30.0,0,0,8.05,S,Third,man,True,Southampton,True,0.13544668587896252,12.661632564841499,-0.4841333019887193,"(20, 30]"
0,3,male,25.0,0,0,8.6625,S,Third,man,True,Southampton,True,0.13544668587896252,12.661632564841499,-0.4718018018960432,"(20, 30]"
0,3,male,25.0,8,2,69.55,S,Third,man,True,Southampton,False,0.13544668587896252,12.661632564841499,0.7540499726228369,"(20, 30]"
0,3,male,44.0,0,1,16.1,S,Third,man,True,Southampton,False,0.13544668587896252,12.661632564841499,-0.3220621579135481,"(40, 50]"
1,2,female,40.0,0,0,15.75,S,Second,woman,False,Southampton,True,0.9210526315789473,21.97012105263158,-0.3291087293950773,"(30, 40]"
0,3,male,26.0,0,0,7.775,S,Third,man,True,Southampton,True,0.13544668587896252,12.661632564841499,-0.48966989386706367,"(20, 30]"
0,3,male,17.0,0,0,8.6625,S,Third,man,True,Southampton,True,0.13544668587896252,12.661632564841499,-0.4718018018960432,"(10, 20]"
0,3,male,1.0,4,1,39.6875,S,Third,child,False,Southampton,False,0.13544668587896252,12.661632564841499,0.15282642728807924,"(0, 10]"
1,3,male,9.0,0,2,20.525,S,Third,child,False,Southampton,False,0.13544668587896252,12.661632564841499,-0.23297336132564347,"(0, 10]"
1,1,female,35.0,0,1,55.0,S,First,woman,False,Southampton,False,0.967391304347826,106.69375000000001,0.46111392960498093,"(30, 40]"
0,3,female,45.0,1,4,27.9,S,Third,woman,False,Southampton,False,0.5,16.118809722222224,-0.08449203367913571,"(40, 50]"
0,1,male,40.0,0,0,25.925,S,First,man,True,Southampton,True,0.36885245901639346,67.22612704918032,-0.12425482989633606,"(30, 40]"
0,3,male,28.0,0,0,56.4958,S,Third,man,True,Southampton,True,0.13544668587896252,12.661632564841499,0.4912289628108992,"(20, 30]"
0,1,male,61.0,0,0,33.5,S,First,man,True,Southampton,True,0.36885245901639346,67.22612704918032,0.02825311002533122,"(60, 100]"
0,3,male,4.0,4,1,29.125,Q,Third,child,False,Queenstown,False,0.13544668587896252,12.661632564841499,-0.05982903349378355,"(0, 10]"
1,3,female,1.0,1,1,11.1333,S,Third,child,False,Southampton,False,0.5,16.118809722222224,-0.4220570338487224,"(0, 10]"
0,3,male,21.0,0,0,7.925,S,Third,man,True,Southampton,True,0.13544668587896252,12.661632564841499,-0.48664993466069395,"(20, 30]"
0,1,male,56.0,0,0,30.6958,C,First,man,True,Cherbourg,True,0.36885245901639346,67.22612704918032,-0.028204020684680614,"(50, 60]"
0,3,male,18.0,1,1,7.8542,S,Third,man,True,Southampton,False,0.13544668587896252,12.661632564841499,-0.4880753554061005,"(10, 20]"
0,3,male,25.0,3,1,25.4667,S,Third,man,True,Southampton,False,0.13544668587896252,12.661632564841499,-0.13348181192486414,"(20, 30]"
0,1,female,50.0,0,0,28.7125,C,First,woman,False,Cherbourg,True,0.967391304347826,106.69375000000001,-0.06813392131130011,"(40, 50]"
0,2,male,30.0,0,0,13.0,S,Second,man,True,Southampton,True,0.1574074074074074,19.74178240740741,-0.38447464817852084,"(20, 30]"
0,3,male,36.0,0,0,0.0,S,Third,man,True,Southampton,True,0.13544668587896252,12.661632564841499,-0.6462044460638905,"(30, 40]"
0,3,female,21.5,8,2,69.55,S,Third,woman,False,Southampton,False,0.5,16.118809722222224,0.7540499726228369,"(20, 30]"
0,2,male,30.0,0,0,15.05,C,Second,man,True,Cherbourg,True,0.1574074074074074,19.74178240740741,-0.34320187235813565,"(20, 30]"
0,3,male,9.0,4,2,31.3875,S,Third,child,False,Southampton,False,0.13544668587896252,12.661632564841499,-0.014277982131041355,"(0, 10]"
1,2,male,1.0,2,1,39.0,S,Second,child,False,Southampton,False,0.1574074074074074,19.74178240740741,0.13898494759221836,"(0, 10]"
1,3,female,4.0,0,2,22.025,S,Third,child,False,Southampton,False,0.5,16.118809722222224,-0.20277376926194698,"(0, 10]"
0,1,male,40.0,0,0,50.0,S,First,man,True,Southampton,True,0.36885245901639346,67.22612704918032,0.36044862272599265,"(30, 40]"
1,3,female,21.5,1,0,15.5,Q,Third,woman,False,Queenstown,False,0.5,16.118809722222224,-0.33414199473902667,"(20, 30]"
1,1,male,45.0,0,0,26.55,S,First,man,True,Southampton,True,0.36885245901639346,67.22612704918032,-0.11167166653646252,"(40, 50]"
0,3,male,40.0,1,1,15.5,Q,Third,man,True,Queenstown,False,0.13544668587896252,12.661632564841499,-0.33414199473902667,"(30, 40]"
0,3,male,36.0,0,0,7.8958,S,Third,man,True,Southampton,True,0.13544668587896252,12.661632564841499,-0.48723782005286725,"(30, 40]"
1,2,female,32.0,0,0,13.0,S,Second,woman,False,Southampton,True,0.9210526315789473,21.97012105263158,-0.38447464817852084,"(30, 40]"
0,2,male,19.0,0,0,13.0,S,Second,man,True,Southampton,True,0.1574074074074074,19.74178240740741,-0.38447464817852084,"(10, 20]"
1,3,female,19.0,1,0,7.8542,S,Third,woman,False,Southampton,False,0.5,16.118809722222224,-0.4880753554061005,"(10, 20]"
1,2,male,3.0,1,1,26.0,S,Second,child,False,Southampton,False,0.1574074074074074,19.74178240740741,-0.12274485029315124,"(0, 10]"
1,1,female,44.0,0,0,27.7208,C,First,woman,False,Cherbourg,True,0.967391304347826,106.69375000000001,-0.08809987827767862,"(40, 50]"
1,1,female,58.0,0,0,146.5208,C,First,woman,False,Cherbourg,True,0.967391304347826,106.69375000000001,2.3037078131670836,"(50, 60]"
0,3,male,25.0,0,0,7.75,Q,Third,man,True,Queenstown,True,0.13544668587896252,12.661632564841499,-0.49017322040145855,"(20, 30]"
0,3,male,42.0,0,1,8.4042,S,Third,man,True,Southampton,False,0.13544668587896252,12.661632564841499,-0.4770021716494118,"(40, 50]"
1,3,female,21.5,0,0,7.75,Q,Third,woman,False,Queenstown,True,0.5,16.118809722222224,-0.49017322040145855,"(20, 30]"
0,2,female,24.0,0,0,13.0,S,Second,woman,False,Southampton,True,0.9210526315789473,21.97012105263158,-0.38447464817852084,"(20, 30]"
0,3,male,28.0,0,0,9.5,S,Third,man,True,Southampton,True,0.13544668587896252,12.661632564841499,-0.4549403629938127,"(20, 30]"
0,3,male,25.0,8,2,69.55,S,Third,man,True,Southampton,False,0.13544668587896252,12.661632564841499,0.7540499726228369,"(20, 30]"
0,3,male,34.0,0,0,6.4958,S,Third,man,True,Southampton,True,0.13544668587896252,12.661632564841499,-0.515424105978984,"(30, 40]"
0,3,male,45.5,0,0,7.225,C,Third,man,True,Cherbourg,True,0.13544668587896252,12.661632564841499,-0.5007430776237524,"(40, 50]"
1,3,male,18.0,0,0,8.05,S,Third,man,True,Southampton,True,0.13544668587896252,12.661632564841499,-0.4841333019887193,"(10, 20]"
0,3,female,2.0,0,1,10.4625,S,Third,child,False,Southampton,False,0.5,16.118809722222224,-0.43556229141960745,"(0, 10]"
0,3,male,32.0,1,0,15.85,S,Third,man,True,Southampton,False,0.13544668587896252,12.661632564841499,-0.32709542325749746,"(30, 40]"
1,3,male,26.0,0,0,18.7875,C,Third,man,True,Cherbourg,True,0.13544668587896252,12.661632564841499,-0.26795455546609187,"(20, 30]"
1,3,female,16.0,0,0,7.75,Q,Third,woman,False,Queenstown,True,0.5,16.118809722222224,-0.49017322040145855,"(10, 20]"
1,1,male,40.0,0,0,31.0,C,First,man,True,Cherbourg,True,0.36885245901639346,67.22612704918032,-0.022079543414162937,"(30, 40]"
0,3,male,24.0,0,0,7.05,S,Third,man,True,Southampton,True,0.13544668587896252,12.661632564841499,-0.5042663633645169,"(20, 30]"
1,2,female,35.0,0,0,21.0,S,Second,woman,False,Southampton,True,0.9210526315789473,21.97012105263158,-0.22341015717213955,"(30, 40]"
0,3,male,22.0,0,0,7.25,S,Third,man,True,Southampton,True,0.13544668587896252,12.661632564841499,-0.5002397510893574,"(20, 30]"
0,2,male,30.0,0,0,13.0,S,Second,man,True,Southampton,True,0.1574074074074074,19.74178240740741,-0.38447464817852084,"(20, 30]"
0,3,male,25.0,1,0,7.75,Q,Third,man,True,Queenstown,False,0.13544668587896252,12.661632564841499,-0.49017322040145855,"(20, 30]"
1,1,female,31.0,1,0,113.275,C,First,woman,False,Cherbourg,False,0.967391304347826,106.69375000000001,1.6343680812795898,"(30, 40]"
1,3,female,27.0,0,0,7.925,S,Third,woman,False,Southampton,True,0.5,16.118809722222224,-0.48664993466069395,"(20, 30]"
0,2,male,42.0,1,0,27.0,S,Second,man,True,Southampton,False,0.1574074074074074,19.74178240740741,-0.10261178891735358,"(40, 50]"
1,1,female,32.0,0,0,76.2917,C,First,woman,False,Cherbourg,True,0.967391304347826,106.69375000000001,0.8897810325000521,"(30, 40]"
0,2,male,30.0,0,0,10.5,S,Second,man,True,Southampton,True,0.1574074074074074,19.74178240740741,-0.434807301618015,"(20, 30]"
1,3,male,16.0,0,0,8.05,S,Third,man,True,Southampton,True,0.13544668587896252,12.661632564841499,-0.4841333019887193,"(10, 20]"
0,2,male,27.0,0,0,13.0,S,Second,man,True,Southampton,True,0.1574074074074074,19.74178240740741,-0.38447464817852084,"(20, 30]"
0,3,male,51.0,0,0,8.05,S,Third,man,True,Southampton,True,0.13544668587896252,12.661632564841499,-0.4841333019887193,"(50, 60]"
0,3,male,25.0,0,0,7.8958,S,Third,man,True,Southampton,True,0.13544668587896252,12.661632564841499,-0.48723782005286725,"(20, 30]"
1,1,male,38.0,1,0,90.0,S,First,man,True,Southampton,False,0.36885245901639346,67.22612704918032,1.1657710777578991,"(30, 40]"
0,3,male,22.0,0,0,9.35,S,Third,man,True,Southampton,True,0.13544668587896252,12.661632564841499,-0.4579603222001823,"(20, 30]"
1,2,male,19.0,0,0,10.5,S,Second,man,True,Southampton,True,0.1574074074074074,19.74178240740741,-0.434807301618015,"(10, 20]"
0,3,male,20.5,0,0,7.25,S,Third,man,True,Southampton,True,0.13544668587896252,12.661632564841499,-0.5002397510893574,"(20, 30]"
0,2,male,18.0,0,0,13.0,S,Second,man,True,Southampton,True,0.1574074074074074,19.74178240740741,-0.38447464817852084,"(10, 20]"
0,3,female,21.5,3,1,25.4667,S,Third,woman,False,Southampton,False,0.5,16.118809722222224,-0.13348181192486414,"(20, 30]"
1,1,female,35.0,1,0,83.475,S,First,woman,False,Southampton,False,0.967391304347826,106.69375000000001,1.0344028522808193,"(30, 40]"
0,3,male,29.0,0,0,7.775,S,Third,man,True,Southampton,True,0.13544668587896252,12.661632564841499,-0.48966989386706367,"(20, 30]"
0,2,male,59.0,0,0,13.5,S,Second,man,True,Southampton,True,0.1574074074074074,19.74178240740741,-0.374408117490622,"(50, 60]"
1,3,female,5.0,4,2,31.3875,S,Third,child,False,Southampton,False,0.5,16.118809722222224,-0.014277982131041355,"(0, 10]"
0,2,male,24.0,0,0,10.5,S,Second,man,True,Southampton,True,0.1574074074074074,19.74178240740741,-0.434807301618015,"(20, 30]"
0,3,female,21.5,0,0,7.55,S,Third,woman,False,Southampton,True,0.5,16.118809722222224,-0.4941998326766181,"(20, 30]"
0,2,male,44.0,1,0,26.0,S,Second,man,True,Southampton,False,0.1574074074074074,19.74178240740741,-0.12274485029315124,"(40, 50]"
1,2,female,8.0,0,2,26.25,S,Second,child,False,Southampton,False,0.9210526315789473,21.97012105263158,-0.11771158494920184,"(0, 10]"
0,2,male,19.0,0,0,10.5,S,Second,man,True,Southampton,True,0.1574074074074074,19.74178240740741,-0.434807301618015,"(10, 20]"
0,2,male,33.0,0,0,12.275,S,Second,man,True,Southampton,True,0.1574074074074074,19.74178240740741,-0.3990711176759742,"(30, 40]"
0,3,female,21.5,1,0,14.4542,C,Third,woman,False,Cherbourg,False,0.5,16.118809722222224,-0.3551971503258359,"(20, 30]"
1,3,female,21.5,1,0,15.5,Q,Third,woman,False,Queenstown,False,0.5,16.118809722222224,-0.33414199473902667,"(20, 30]"
0,2,male,29.0,0,0,10.5,S,Second,man,True,Southampton,True,0.1574074074074074,19.74178240740741,-0.434807301618015,"(20, 30]"
0,3,male,22.0,0,0,7.125,S,Third,man,True,Southampton,True,0.13544668587896252,12.661632564841499,-0.5027563837613321,"(20, 30]"
0,3,male,30.0,0,0,7.225,C,Third,man,True,Cherbourg,True,0.13544668587896252,12.661632564841499,-0.5007430776237524,"(20, 30]"
0,1,male,44.0,2,0,90.0,Q,First,man,True,Queenstown,False,0.36885245901639346,67.22612704918032,1.1657710777578991,"(40, 50]"
0,3,female,25.0,0,0,7.775,S,Third,woman,False,Southampton,True,0.5,16.118809722222224,-0.48966989386706367,"(20, 30]"
1,2,female,24.0,0,2,14.5,S,Second,woman,False,Southampton,False,0.9210526315789473,21.97012105263158,-0.35427505611482435,"(20, 30]"
1,1,male,37.0,1,1,52.5542,S,First,man,True,Southampton,False,0.36885245901639346,67.22612704918032,0.41187248809205507,"(30, 40]"
0,2,male,54.0,1,0,26.0,S,Second,man,True,Southampton,False,0.1574074074074074,19.74178240740741,-0.12274485029315124,"(50, 60]"
0,3,male,25.0,0,0,7.25,S,Third,man,True,Southampton,True,0.13544668587896252,12.661632564841499,-0.5002397510893574,"(20, 30]"
0,3,female,29.0,1,1,10.4625,S,Third,woman,False,Southampton,False,0.5,16.118809722222224,-0.43556229141960745,"(20, 30]"
0,1,male,62.0,0,0,26.55,S,First,man,True,Southampton,True,0.36885245901639346,67.22612704918032,-0.11167166653646252,"(60, 100]"
0,3,male,30.0,1,0,16.1,S,Third,man,True,Southampton,False,0.13544668587896252,12.661632564841499,-0.3220621579135481,"(20, 30]"
0,3,female,41.0,0,2,20.2125,S,Third,woman,False,Southampton,False,0.5,16.118809722222224,-0.23926494300558024,"(40, 50]"
1,3,female,29.0,0,2,15.2458,C,Third,woman,False,Cherbourg,False,0.5,16.118809722222224,-0.33925981894075447,"(20, 30]"
1,1,female,35.0,0,0,79.2,C,First,woman,False,Cherbourg,True,0.967391304347826,106.69375000000001,0.9483340148992845,"(30, 40]"
1,1,female,30.0,0,0,86.5,S,First,woman,False,Southampton,True,0.967391304347826,106.69375000000001,1.0953053629426073,"(20, 30]"
1,1,female,35.0,0,0,512.3292,C,First,woman,False,Cherbourg,True,0.967391304347826,106.69375000000001,9.668550782149426,"(30, 40]"
1,2,female,50.0,0,1,26.0,S,Second,woman,False,Southampton,False,0.9210526315789473,21.97012105263158,-0.12274485029315124,"(40, 50]"
0,3,male,25.0,0,0,7.75,Q,Third,man,True,Queenstown,True,0.13544668587896252,12.661632564841499,-0.49017322040145855,"(20, 30]"
1,3,male,3.0,4,2,31.3875,S,Third,child,False,Southampton,False,0.13544668587896252,12.661632564841499,-0.014277982131041355,"(0, 10]"
0,1,male,52.0,1,1,79.65,S,First,man,True,Southampton,False,0.36885245901639346,67.22612704918032,0.9573938925183935,"(50, 60]"
0,1,male,40.0,0,0,0.0,S,First,man,True,Southampton,True,0.36885245901639346,67.22612704918032,-0.6462044460638905,"(30, 40]"
0,3,female,21.5,0,0,7.75,Q,Third,woman,False,Queenstown,True,0.5,16.118809722222224,-0.49017322040145855,"(20, 30]"
0,2,male,36.0,0,0,10.5,S,Second,man,True,Southampton,True,0.1574074074074074,19.74178240740741,-0.434807301618015,"(30, 40]"
0,3,male,16.0,4,1,39.6875,S,Third,man,True,Southampton,False,0.13544668587896252,12.661632564841499,0.15282642728807924,"(10, 20]"
1,3,male,25.0,1,0,7.775,S,Third,man,True,Southampton,False,0.13544668587896252,12.661632564841499,-0.48966989386706367,"(20, 30]"
1,1,female,58.0,0,1,153.4625,S,First,woman,False,Southampton,False,0.967391304347826,106.69375000000001,2.443465485319458,"(50, 60]"
1,1,female,35.0,0,0,135.6333,S,First,woman,False,Southampton,True,0.967391304347826,106.69375000000001,2.084509107438086,"(30, 40]"
0,1,male,40.0,0,0,31.0,S,First,man,True,Southampton,True,0.36885245901639346,67.22612704918032,-0.022079543414162937,"(30, 40]"
1,3,male,25.0,0,0,0.0,S,Third,man,True,Southampton,True,0.13544668587896252,12.661632564841499,-0.6462044460638905,"(20, 30]"
1,2,female,41.0,0,1,19.5,S,Second,woman,False,Southampton,False,0.9210526315789473,21.97012105263158,-0.25360974923583607,"(40, 50]"
0,1,male,37.0,0,1,29.7,C,First,man,True,Cherbourg,False,0.36885245901639346,67.22612704918032,-0.04825252320269991,"(30, 40]"
1,3,female,21.5,0,0,7.75,Q,Third,woman,False,Queenstown,True,0.5,16.118809722222224,-0.49017322040145855,"(20, 30]"
1,1,female,63.0,1,0,77.9583,S,First,woman,False,Southampton,False,0.967391304347826,106.69375000000001,0.9233347925889563,"(60, 100]"
0,3,female,45.0,0,0,7.75,S,Third,woman,False,Southampton,True,0.5,16.118809722222224,-0.49017322040145855,"(40, 50]"
0,2,male,30.0,0,0,0.0,S,Second,man,True,Southampton,True,0.1574074074074074,19.74178240740741,-0.6462044460638905,"(20, 30]"
0,3,male,7.0,4,1,29.125,Q,Third,child,False,Queenstown,False,0.13544668587896252,12.661632564841499,-0.05982903349378355,"(0, 10]"
1,3,female,35.0,1,1,20.25,S,Third,woman,False,Southampton,False,0.5,16.118809722222224,-0.2385099532039878,"(30, 40]"
0,3,male,65.0,0,0,7.75,Q,Third,man,True,Queenstown,True,0.13544668587896252,12.661632564841499,-0.49017322040145855,"(60, 100]"
0,3,male,28.0,0,0,7.8542,S,Third,man,True,Southampton,True,0.13544668587896252,12.661632564841499,-0.4880753554061005,"(20, 30]"
0,3,male,16.0,0,0,9.5,S,Third,man,True,Southampton,True,0.13544668587896252,12.661632564841499,-0.4549403629938127,"(10, 20]"
1,3,male,19.0,0,0,8.05,S,Third,man,True,Southampton,True,0.13544668587896252,12.661632564841499,-0.4841333019887193,"(10, 20]"
0,1,male,40.0,0,0,26.0,S,First,man,True,Southampton,True,0.36885245901639346,67.22612704918032,-0.12274485029315124,"(30, 40]"
0,3,male,33.0,0,0,8.6625,C,Third,man,True,Cherbourg,True,0.13544668587896252,12.661632564841499,-0.4718018018960432,"(30, 40]"
1,3,male,30.0,0,0,9.5,S,Third,man,True,Southampton,True,0.13544668587896252,12.661632564841499,-0.4549403629938127,"(20, 30]"
0,3,male,22.0,0,0,7.8958,S,Third,man,True,Southampton,True,0.13544668587896252,12.661632564841499,-0.48723782005286725,"(20, 30]"
1,2,male,42.0,0,0,13.0,S,Second,man,True,Southampton,True,0.1574074074074074,19.74178240740741,-0.38447464817852084,"(40, 50]"
1,3,female,22.0,0,0,7.75,Q,Third,woman,False,Queenstown,True,0.5,16.118809722222224,-0.49017322040145855,"(20, 30]"
1,1,female,26.0,0,0,78.85,S,First,woman,False,Southampton,True,0.967391304347826,106.69375000000001,0.941287443417755,"(20, 30]"
1,1,female,19.0,1,0,91.0792,C,First,woman,False,Cherbourg,False,0.967391304347826,106.69375000000001,1.1874986775946599,"(10, 20]"
0,2,male,36.0,0,0,12.875,C,Second,man,True,Cherbourg,True,0.1574074074074074,19.74178240740741,-0.38699128085049556,"(30, 40]"
0,3,female,24.0,0,0,8.85,S,Third,woman,False,Southampton,True,0.5,16.118809722222224,-0.4680268528880811,"(20, 30]"
0,3,male,24.0,0,0,7.8958,S,Third,man,True,Southampton,True,0.13544668587896252,12.661632564841499,-0.48723782005286725,"(20, 30]"
0,1,male,40.0,0,0,27.7208,C,First,man,True,Cherbourg,True,0.36885245901639346,67.22612704918032,-0.08809987827767862,"(30, 40]"
0,3,male,23.5,0,0,7.2292,C,Third,man,True,Cherbourg,True,0.13544668587896252,12.661632564841499,-0.500658518765974,"(20, 30]"
0,1,female,2.0,1,2,151.55,S,First,child,False,Southampton,False,0.967391304347826,106.69375000000001,2.404961005438245,"(0, 10]"
1,1,male,40.0,0,0,30.5,S,First,man,True,Southampton,True,0.36885245901639346,67.22612704918032,-0.032146074102061765,"(30, 40]"
1,1,female,50.0,0,1,247.5208,C,First,woman,False,Cherbourg,False,0.967391304347826,106.69375000000001,4.337147012122648,"(40, 50]"
1,3,female,21.5,0,0,7.75,Q,Third,woman,False,Queenstown,True,0.5,16.118809722222224,-0.49017322040145855,"(20, 30]"
1,3,male,25.0,2,0,23.25,Q,Third,man,True,Queenstown,False,0.13544668587896252,12.661632564841499,-0.17811076907659482,"(20, 30]"
0,3,male,19.0,0,0,0.0,S,Third,man,True,Southampton,True,0.13544668587896252,12.661632564841499,-0.6462044460638905,"(10, 20]"
1,2,female,28.0,0,0,12.35,Q,Second,woman,False,Queenstown,True,0.9210526315789473,21.97012105263158,-0.3975611380727893,"(20, 30]"
0,3,male,25.0,0,0,8.05,S,Third,man,True,Southampton,True,0.13544668587896252,12.661632564841499,-0.4841333019887193,"(20, 30]"
1,1,male,0.92,1,2,151.55,S,First,child,False,Southampton,False,0.36885245901639346,67.22612704918032,2.404961005438245,"(0, 10]"
1,1,female,35.0,0,0,110.8833,C,First,woman,False,Cherbourg,True,0.967391304347826,106.69375000000001,1.5862158383870948,"(30, 40]"
1,1,female,17.0,1,0,108.9,C,First,woman,False,Cherbourg,False,0.967391304347826,106.69375000000001,1.546285937760475,"(10, 20]"
0,2,male,30.0,1,0,24.0,C,Second,man,True,Cherbourg,False,0.1574074074074074,19.74178240740741,-0.16301097304474657,"(20, 30]"
1,1,female,30.0,0,0,56.9292,C,First,woman,False,Cherbourg,True,0.967391304347826,106.69375000000001,0.4999546316111698,"(20, 30]"
1,1,female,24.0,0,0,83.1583,C,First,woman,False,Cherbourg,True,0.967391304347826,106.69375000000001,1.0280267117431041,"(20, 30]"
1,1,female,18.0,2,2,262.375,C,First,woman,False,Cherbourg,False,0.967391304347826,106.69375000000001,4.636207532411021,"(10, 20]"
0,2,female,26.0,1,1,26.0,S,Second,woman,False,Southampton,False,0.9210526315789473,21.97012105263158,-0.12274485029315124,"(20, 30]"
0,3,male,28.0,0,0,7.8958,S,Third,man,True,Southampton,True,0.13544668587896252,12.661632564841499,-0.48723782005286725,"(20, 30]"
0,2,male,43.0,1,1,26.25,S,Second,man,True,Southampton,False,0.1574074074074074,19.74178240740741,-0.11771158494920184,"(40, 50]"
1,3,female,26.0,0,0,7.8542,S,Third,woman,False,Southampton,True,0.5,16.118809722222224,-0.4880753554061005,"(20, 30]"
1,2,female,24.0,1,0,26.0,S,Second,woman,False,Southampton,False,0.9210526315789473,21.97012105263158,-0.12274485029315124,"(20, 30]"
0,2,male,54.0,0,0,14.0,S,Second,man,True,Southampton,True,0.1574074074074074,19.74178240740741,-0.36434158680272316,"(50, 60]"
1,1,female,31.0,0,2,164.8667,S,First,woman,False,Southampton,False,0.967391304347826,106.69375000000001,2.67306694386133,"(30, 40]"
1,1,female,40.0,1,1,134.5,C,First,woman,False,Cherbourg,False,0.967391304347826,106.69375000000001,2.061692308980895,"(30, 40]"
0,3,male,22.0,0,0,7.25,S,Third,man,True,Southampton,True,0.13544668587896252,12.661632564841499,-0.5002397510893574,"(20, 30]"
0,3,male,27.0,0,0,7.8958,S,Third,man,True,Southampton,True,0.13544668587896252,12.661632564841499,-0.48723782005286725,"(20, 30]"
1,2,female,30.0,0,0,12.35,Q,Second,woman,False,Queenstown,True,0.9210526315789473,21.97012105263158,-0.3975611380727893,"(20, 30]"
1,2,female,22.0,1,1,29.0,S,Second,woman,False,Southampton,False,0.9210526315789473,21.97012105263158,-0.06234566616575826,"(20, 30]"
0,3,male,25.0,8,2,69.55,S,Third,man,True,Southampton,False,0.13544668587896252,12.661632564841499,0.7540499726228369,"(20, 30]"
1,1,female,36.0,0,0,135.6333,C,First,woman,False,Cherbourg,True,0.967391304347826,106.69375000000001,2.084509107438086,"(30, 40]"
0,3,male,61.0,0,0,6.2375,S,Third,man,True,Southampton,True,0.13544668587896252,12.661632564841499,-0.5206244757323525,"(60, 100]"
1,2,female,36.0,0,0,13.0,S,Second,woman,False,Southampton,True,0.9210526315789473,21.97012105263158,-0.38447464817852084,"(30, 40]"
1,3,female,31.0,1,1,20.525,S,Third,woman,False,Southampton,False,0.5,16.118809722222224,-0.23297336132564347,"(30, 40]"
1,1,female,16.0,0,1,57.9792,C,First,woman,False,Cherbourg,False,0.967391304347826,106.69375000000001,0.5210943460557573,"(10, 20]"
1,3,female,21.5,2,0,23.25,Q,Third,woman,False,Queenstown,False,0.5,16.118809722222224,-0.17811076907659482,"(20, 30]"
0,1,male,45.5,0,0,28.5,S,First,man,True,Southampton,True,0.36885245901639346,67.22612704918032,-0.07241219685365709,"(40, 50]"
0,1,male,38.0,0,1,153.4625,S,First,man,True,Southampton,False,0.36885245901639346,67.22612704918032,2.443465485319458,"(30, 40]"
0,3,male,16.0,2,0,18.0,S,Third,man,True,Southampton,False,0.13544668587896252,12.661632564841499,-0.28380934129953256,"(10, 20]"
1,1,female,35.0,1,0,133.65,S,First,woman,False,Southampton,False,0.967391304347826,106.69375000000001,2.044579206811467,"(30, 40]"
0,3,male,25.0,0,0,7.8958,S,Third,man,True,Southampton,True,0.13544668587896252,12.661632564841499,-0.48723782005286725,"(20, 30]"
0,1,male,29.0,1,0,66.6,S,First,man,True,Southampton,False,0.36885245901639346,67.22612704918032,0.6946574415642337,"(20, 30]"
1,1,female,41.0,0,0,134.5,C,First,woman,False,Cherbourg,True,0.967391304347826,106.69375000000001,2.061692308980895,"(40, 50]"
1,3,male,45.0,0,0,8.05,S,Third,man,True,Southampton,True,0.13544668587896252,12.661632564841499,-0.4841333019887193,"(40, 50]"
0,1,male,45.0,0,0,35.5,S,First,man,True,Southampton,True,0.36885245901639346,67.22612704918032,0.06851923277692655,"(40, 50]"
1,2,male,2.0,1,1,26.0,S,Second,child,False,Southampton,False,0.1574074074074074,19.74178240740741,-0.12274485029315124,"(0, 10]"
1,1,female,24.0,3,2,263.0,S,First,woman,False,Southampton,False,0.967391304347826,106.69375000000001,4.648790695770894,"(20, 30]"
0,2,male,28.0,0,0,13.0,S,Second,man,True,Southampton,True,0.1574074074074074,19.74178240740741,-0.38447464817852084,"(20, 30]"
0,2,male,25.0,0,0,13.0,S,Second,man,True,Southampton,True,0.1574074074074074,19.74178240740741,-0.38447464817852084,"(20, 30]"
0,2,male,36.0,0,0,13.0,S,Second,man,True,Southampton,True,0.1574074074074074,19.74178240740741,-0.38447464817852084,"(30, 40]"
1,2,female,24.0,0,0,13.0,S,Second,woman,False,Southampton,True,0.9210526315789473,21.97012105263158,-0.38447464817852084,"(20, 30]"
1,2,female,40.0,0,0,13.0,S,Second,woman,False,Southampton,True,0.9210526315789473,21.97012105263158,-0.38447464817852084,"(30, 40]"
1,3,female,21.5,1,0,16.1,S,Third,woman,False,Southampton,False,0.5,16.118809722222224,-0.3220621579135481,"(20, 30]"
1,3,male,3.0,1,1,15.9,S,Third,child,False,Southampton,False,0.13544668587896252,12.661632564841499,-0.32608877018870763,"(0, 10]"
0,3,male,42.0,0,0,8.6625,S,Third,man,True,Southampton,True,0.13544668587896252,12.661632564841499,-0.4718018018960432,"(40, 50]"
0,3,male,23.0,0,0,9.225,S,Third,man,True,Southampton,True,0.13544668587896252,12.661632564841499,-0.460476954872157,"(20, 30]"
0,1,male,40.0,0,0,35.0,S,First,man,True,Southampton,True,0.36885245901639346,67.22612704918032,0.05845270208902771,"(30, 40]"
0,3,male,15.0,1,1,7.2292,C,Third,child,False,Cherbourg,False,0.13544668587896252,12.661632564841499,-0.500658518765974,"(10, 20]"
0,3,male,25.0,1,0,17.8,S,Third,man,True,Southampton,False,0.13544668587896252,12.661632564841499,-0.28783595357469205,"(20, 30]"
0,3,male,25.0,0,0,7.225,C,Third,man,True,Cherbourg,True,0.13544668587896252,12.661632564841499,-0.5007430776237524,"(20, 30]"
0,3,male,28.0,0,0,9.5,S,Third,man,True,Southampton,True,0.13544668587896252,12.661632564841499,-0.4549403629938127,"(20, 30]"
1,1,female,22.0,0,1,55.0,S,First,woman,False,Southampton,False,0.967391304347826,106.69375000000001,0.46111392960498093,"(20, 30]"
0,2,female,38.0,0,0,13.0,S,Second,woman,False,Southampton,True,0.9210526315789473,21.97012105263158,-0.38447464817852084,"(30, 40]"
1,3,female,21.5,0,0,7.8792,Q,Third,woman,False,Queenstown,True,0.5,16.118809722222224,-0.4875720288717055,"(20, 30]"
1,3,female,21.5,0,0,7.8792,Q,Third,woman,False,Queenstown,True,0.5,16.118809722222224,-0.4875720288717055,"(20, 30]"
0,3,male,40.0,1,4,27.9,S,Third,man,True,Southampton,False,0.13544668587896252,12.661632564841499,-0.08449203367913571,"(30, 40]"
0,2,male,29.0,1,0,27.7208,C,Second,man,True,Cherbourg,False,0.1574074074074074,19.74178240740741,-0.08809987827767862,"(20, 30]"
0,3,female,45.0,0,1,14.4542,C,Third,woman,False,Cherbourg,False,0.5,16.118809722222224,-0.3551971503258359,"(40, 50]"
0,3,male,35.0,0,0,7.05,S,Third,man,True,Southampton,True,0.13544668587896252,12.661632564841499,-0.5042663633645169,"(30, 40]"
0,3,male,25.0,1,0,15.5,Q,Third,man,True,Queenstown,False,0.13544668587896252,12.661632564841499,-0.33414199473902667,"(20, 30]"
0,3,male,30.0,0,0,7.25,S,Third,man,True,Southampton,True,0.13544668587896252,12.661632564841499,-0.5002397510893574,"(20, 30]"
1,1,female,60.0,1,0,75.25,C,First,woman,False,Cherbourg,False,0.967391304347826,106.69375000000001,0.8688084224648837,"(50, 60]"
1,3,female,21.5,0,0,7.2292,C,Third,woman,False,Cherbourg,True,0.5,16.118809722222224,-0.500658518765974,"(20, 30]"
1,3,female,21.5,0,0,7.75,Q,Third,woman,False,Queenstown,True,0.5,16.118809722222224,-0.49017322040145855,"(20, 30]"
1,1,female,24.0,0,0,69.3,C,First,woman,False,Cherbourg,True,0.967391304347826,106.69375000000001,0.7490167072788875,"(20, 30]"
1,1,male,25.0,1,0,55.4417,C,First,man,True,Cherbourg,False,0.36885245901639346,67.22612704918032,0.4700067028146707,"(20, 30]"
0,3,male,18.0,1,0,6.4958,S,Third,man,True,Southampton,False,0.13544668587896252,12.661632564841499,-0.515424105978984,"(10, 20]"
0,3,male,19.0,0,0,8.05,S,Third,man,True,Southampton,True,0.13544668587896252,12.661632564841499,-0.4841333019887193,"(10, 20]"
0,1,male,22.0,0,0,135.6333,C,First,man,True,Cherbourg,True,0.36885245901639346,67.22612704918032,2.084509107438086,"(20, 30]"
0,3,female,3.0,3,1,21.075,S,Third,child,False,Southampton,False,0.5,16.118809722222224,-0.22190017756895475,"(0, 10]"
1,1,female,35.0,1,0,82.1708,C,First,woman,False,Cherbourg,False,0.967391304347826,106.69375000000001,1.008145313634504,"(30, 40]"
1,3,female,22.0,0,0,7.25,S,Third,woman,False,Southampton,True,0.5,16.118809722222224,-0.5002397510893574,"(20, 30]"
0,1,male,27.0,0,2,211.5,C,First,man,True,Cherbourg,False,0.36885245901639346,67.22612704918032,3.6119380349173147,"(20, 30]"
0,3,male,20.0,0,0,4.0125,C,Third,man,True,Cherbourg,True,0.13544668587896252,12.661632564841499,-0.5654205372935024,"(10, 20]"
0,3,male,19.0,0,0,7.775,S,Third,man,True,Southampton,True,0.13544668587896252,12.661632564841499,-0.48966989386706367,"(10, 20]"
1,1,female,42.0,0,0,227.525,C,First,woman,False,Cherbourg,True,0.967391304347826,106.69375000000001,3.9345703434644728,"(40, 50]"
1,3,female,1.0,0,2,15.7417,C,Third,child,False,Cherbourg,False,0.5,16.118809722222224,-0.3292758338044964,"(0, 10]"
0,3,male,32.0,0,0,7.925,S,Third,man,True,Southampton,True,0.13544668587896252,12.661632564841499,-0.48664993466069395,"(30, 40]"
1,1,female,35.0,1,0,52.0,S,First,woman,False,Southampton,False,0.967391304347826,106.69375000000001,0.40071474547758795,"(30, 40]"
0,3,male,25.0,0,0,7.8958,S,Third,man,True,Southampton,True,0.13544668587896252,12.661632564841499,-0.48723782005286725,"(20, 30]"
0,2,male,18.0,0,0,73.5,S,Second,man,True,Southampton,True,0.1574074074074074,19.74178240740741,0.8335755650572377,"(10, 20]"
0,3,male,1.0,5,2,46.9,S,Third,child,False,Southampton,False,0.13544668587896252,12.661632564841499,0.29803613246101984,"(0, 10]"
1,2,female,36.0,0,0,13.0,S,Second,woman,False,Southampton,True,0.9210526315789473,21.97012105263158,-0.38447464817852084,"(30, 40]"
0,3,male,25.0,0,0,7.7292,Q,Third,man,True,Queenstown,True,0.13544668587896252,12.661632564841499,-0.4905919880780752,"(20, 30]"
1,2,female,17.0,0,0,12.0,C,Second,woman,False,Cherbourg,True,0.9210526315789473,21.97012105263158,-0.4046077095543185,"(10, 20]"
1,1,male,36.0,1,2,120.0,S,First,man,True,Southampton,False,0.36885245901639346,67.22612704918032,1.769762919031829,"(30, 40]"
1,3,male,21.0,0,0,7.7958,S,Third,man,True,Southampton,True,0.13544668587896252,12.661632564841499,-0.489251126190447,"(20, 30]"
0,3,male,28.0,2,0,7.925,S,Third,man,True,Southampton,False,0.13544668587896252,12.661632564841499,-0.48664993466069395,"(20, 30]"
1,1,female,23.0,1,0,113.275,C,First,woman,False,Cherbourg,False,0.967391304347826,106.69375000000001,1.6343680812795898,"(20, 30]"
1,3,female,24.0,0,2,16.7,S,Third,woman,False,Southampton,False,0.5,16.118809722222224,-0.3099823210880695,"(20, 30]"
0,3,male,22.0,0,0,7.7958,S,Third,man,True,Southampton,True,0.13544668587896252,12.661632564841499,-0.489251126190447,"(20, 30]"
0,3,female,31.0,0,0,7.8542,S,Third,woman,False,Southampton,True,0.5,16.118809722222224,-0.4880753554061005,"(30, 40]"
0,2,male,46.0,0,0,26.0,S,Second,man,True,Southampton,True,0.1574074074074074,19.74178240740741,-0.12274485029315124,"(40, 50]"
0,2,male,23.0,0,0,10.5,S,Second,man,True,Southampton,True,0.1574074074074074,19.74178240740741,-0.434807301618015,"(20, 30]"
1,2,female,28.0,0,0,12.65,S,Second,woman,False,Southampton,True,0.9210526315789473,21.97012105263158,-0.39152121966005005,"(20, 30]"
1,3,male,39.0,0,0,7.925,S,Third,man,True,Southampton,True,0.13544668587896252,12.661632564841499,-0.48664993466069395,"(30, 40]"
0,3,male,26.0,0,0,8.05,S,Third,man,True,Southampton,True,0.13544668587896252,12.661632564841499,-0.4841333019887193,"(20, 30]"
0,3,female,21.0,1,0,9.825,S,Third,woman,False,Southampton,False,0.5,16.118809722222224,-0.4483971180466784,"(20, 30]"
0,3,male,28.0,1,0,15.85,S,Third,man,True,Southampton,False,0.13544668587896252,12.661632564841499,-0.32709542325749746,"(20, 30]"
0,3,female,20.0,0,0,8.6625,S,Third,woman,False,Southampton,True,0.5,16.118809722222224,-0.4718018018960432,"(10, 20]"
0,2,male,34.0,1,0,21.0,S,Second,man,True,Southampton,False,0.1574074074074074,19.74178240740741,-0.22341015717213955,"(30, 40]"
0,3,male,51.0,0,0,7.75,S,Third,man,True,Southampton,True,0.13544668587896252,12.661632564841499,-0.49017322040145855,"(50, 60]"
1,2,male,3.0,1,1,18.75,S,Second,child,False,Southampton,False,0.1574074074074074,19.74178240740741,-0.2687095452676843,"(0, 10]"
0,3,male,21.0,0,0,7.775,S,Third,man,True,Southampton,True,0.13544668587896252,12.661632564841499,-0.48966989386706367,"(20, 30]"
0,3,female,21.5,3,1,25.4667,S,Third,woman,False,Southampton,False,0.5,16.118809722222224,-0.13348181192486414,"(20, 30]"
0,3,male,25.0,0,0,7.8958,S,Third,man,True,Southampton,True,0.13544668587896252,12.661632564841499,-0.48723782005286725,"(20, 30]"
0,3,male,25.0,0,0,6.8583,Q,Third,man,True,Queenstown,True,0.13544668587896252,12.661632564841499,-0.5081258712302573,"(20, 30]"
1,1,female,33.0,1,0,90.0,Q,First,woman,False,Queenstown,False,0.967391304347826,106.69375000000001,1.1657710777578991,"(30, 40]"
0,2,male,30.0,0,0,0.0,S,Second,man,True,Southampton,True,0.1574074074074074,19.74178240740741,-0.6462044460638905,"(20, 30]"
1,3,male,44.0,0,0,7.925,S,Third,man,True,Southampton,True,0.13544668587896252,12.661632564841499,-0.48664993466069395,"(40, 50]"
0,3,female,21.5,0,0,8.05,S,Third,woman,False,Southampton,True,0.5,16.118809722222224,-0.4841333019887193,"(20, 30]"
1,2,female,34.0,1,1,32.5,S,Second,woman,False,Southampton,False,0.9210526315789473,21.97012105263158,0.008120048649533558,"(30, 40]"
1,2,female,18.0,0,2,13.0,S,Second,woman,False,Southampton,False,0.9210526315789473,21.97012105263158,-0.38447464817852084,"(10, 20]"
0,2,male,30.0,0,0,13.0,S,Second,man,True,Southampton,True,0.1574074074074074,19.74178240740741,-0.38447464817852084,"(20, 30]"
0,3,female,10.0,0,2,24.15,S,Third,child,False,Southampton,False,0.5,16.118809722222224,-0.15999101383837694,"(0, 10]"
0,3,male,25.0,0,0,7.8958,C,Third,man,True,Cherbourg,True,0.13544668587896252,12.661632564841499,-0.48723782005286725,"(20, 30]"
0,3,male,21.0,0,0,7.7333,Q,Third,man,True,Queenstown,True,0.13544668587896252,12.661632564841499,-0.4905094425264344,"(20, 30]"
0,3,male,29.0,0,0,7.875,S,Third,man,True,Southampton,True,0.13544668587896252,12.661632564841499,-0.4876565877294839,"(20, 30]"
0,3,female,28.0,1,1,14.4,S,Third,woman,False,Southampton,False,0.5,16.118809722222224,-0.3562883622524042,"(20, 30]"
0,3,male,18.0,1,1,20.2125,S,Third,man,True,Southampton,False,0.13544668587896252,12.661632564841499,-0.23926494300558024,"(10, 20]"
0,3,male,25.0,0,0,7.25,S,Third,man,True,Southampton,True,0.13544668587896252,12.661632564841499,-0.5002397510893574,"(20, 30]"
1,2,female,28.0,1,0,26.0,S,Second,woman,False,Southampton,False,0.9210526315789473,21.97012105263158,-0.12274485029315124,"(20, 30]"
1,2,female,19.0,0,0,26.0,S,Second,woman,False,Southampton,True,0.9210526315789473,21.97012105263158,-0.12274485029315124,"(10, 20]"
0,3,male,25.0,0,0,7.75,Q,Third,man,True,Queenstown,True,0.13544668587896252,12.661632564841499,-0.49017322040145855,"(20, 30]"
1,3,male,32.0,0,0,8.05,S,Third,man,True,Southampton,True,0.13544668587896252,12.661632564841499,-0.4841333019887193,"(30, 40]"
1,1,male,28.0,0,0,26.55,S,First,man,True,Southampton,True,0.36885245901639346,67.22612704918032,-0.11167166653646252,"(20, 30]"
1,3,female,21.5,1,0,16.1,S,Third,woman,False,Southampton,False,0.5,16.118809722222224,-0.3220621579135481,"(20, 30]"
1,2,female,42.0,1,0,26.0,S,Second,woman,False,Southampton,False,0.9210526315789473,21.97012105263158,-0.12274485029315124,"(40, 50]"
0,3,male,17.0,0,0,7.125,S,Third,man,True,Southampton,True,0.13544668587896252,12.661632564841499,-0.5027563837613321,"(10, 20]"
0,1,male,50.0,1,0,55.9,S,First,man,True,Southampton,False,0.36885245901639346,67.22612704918032,0.47923368484319884,"(40, 50]"
1,1,female,14.0,1,2,120.0,S,First,child,False,Southampton,False,0.967391304347826,106.69375000000001,1.769762919031829,"(10, 20]"
0,3,female,21.0,2,2,34.375,S,Third,woman,False,Southampton,False,0.5,16.118809722222224,0.045869538729154176,"(20, 30]"
1,2,female,24.0,2,3,18.75,S,Second,woman,False,Southampton,False,0.9210526315789473,21.97012105263158,-0.2687095452676843,"(20, 30]"
0,1,male,64.0,1,4,263.0,S,First,man,True,Southampton,False,0.36885245901639346,67.22612704918032,4.648790695770894,"(60, 100]"
0,2,male,31.0,0,0,10.5,S,Second,man,True,Southampton,True,0.1574074074074074,19.74178240740741,-0.434807301618015,"(30, 40]"
1,2,female,45.0,1,1,26.25,S,Second,woman,False,Southampton,False,0.9210526315789473,21.97012105263158,-0.11771158494920184,"(40, 50]"
0,3,male,20.0,0,0,9.5,S,Third,man,True,Southampton,True,0.13544668587896252,12.661632564841499,-0.4549403629938127,"(10, 20]"
0,3,male,25.0,1,0,7.775,S,Third,man,True,Southampton,False,0.13544668587896252,12.661632564841499,-0.48966989386706367,"(20, 30]"
1,2,female,28.0,0,0,13.0,S,Second,woman,False,Southampton,True,0.9210526315789473,21.97012105263158,-0.38447464817852084,"(20, 30]"
1,3,male,25.0,0,0,8.1125,S,Third,man,True,Southampton,True,0.13544668587896252,12.661632564841499,-0.4828749856527319,"(20, 30]"
1,1,male,4.0,0,2,81.8583,S,First,child,False,Southampton,False,0.36885245901639346,67.22612704918032,1.0018537319545673,"(0, 10]"
1,2,female,13.0,0,1,19.5,S,Second,child,False,Southampton,False,0.9210526315789473,21.97012105263158,-0.25360974923583607,"(10, 20]"
1,1,male,34.0,0,0,26.55,S,First,man,True,Southampton,True,0.36885245901639346,67.22612704918032,-0.11167166653646252,"(30, 40]"
1,3,female,5.0,2,1,19.2583,C,Third,child,False,Cherbourg,False,0.5,16.118809722222224,-0.25847591017036636,"(0, 10]"
1,1,male,52.0,0,0,30.5,S,First,man,True,Southampton,True,0.36885245901639346,67.22612704918032,-0.032146074102061765,"(50, 60]"
0,2,male,36.0,1,2,27.75,S,Second,man,True,Southampton,False,0.1574074074074074,19.74178240740741,-0.08751199288550533,"(30, 40]"
0,3,male,25.0,1,0,19.9667,S,Third,man,True,Southampton,False,0.13544668587896252,12.661632564841499,-0.24421364949175128,"(20, 30]"
0,1,male,30.0,0,0,27.75,C,First,man,True,Cherbourg,True,0.36885245901639346,67.22612704918032,-0.08751199288550533,"(20, 30]"
1,1,male,49.0,1,0,89.1042,C,First,man,True,Cherbourg,False,0.36885245901639346,67.22612704918032,1.1477358813774596,"(40, 50]"
0,3,male,25.0,0,0,8.05,S,Third,man,True,Southampton,True,0.13544668587896252,12.661632564841499,-0.4841333019887193,"(20, 30]"
1,3,male,29.0,0,0,7.8958,C,Third,man,True,Cherbourg,True,0.13544668587896252,12.661632564841499,-0.48723782005286725,"(20, 30]"
0,1,male,65.0,0,0,26.55,S,First,man,True,Southampton,True,0.36885245901639346,67.22612704918032,-0.11167166653646252,"(60, 100]"
1,1,female,35.0,1,0,51.8625,S,First,woman,False,Southampton,False,0.967391304347826,106.69375000000001,0.39794644953841574,"(30, 40]"
1,2,female,50.0,0,0,10.5,S,Second,woman,False,Southampton,True,0.9210526315789473,21.97012105263158,-0.434807301618015,"(40, 50]"
0,3,male,25.0,0,0,7.75,Q,Third,man,True,Queenstown,True,0.13544668587896252,12.661632564841499,-0.49017322040145855,"(20, 30]"
1,1,male,48.0,0,0,26.55,S,First,man,True,Southampton,True,0.36885245901639346,67.22612704918032,-0.11167166653646252,"(40, 50]"
0,3,male,34.0,0,0,8.05,S,Third,man,True,Southampton,True,0.13544668587896252,12.661632564841499,-0.4841333019887193,"(30, 40]"
0,1,male,47.0,0,0,38.5,S,First,man,True,Southampton,True,0.36885245901639346,67.22612704918032,0.12891841690431952,"(40, 50]"
0,2,male,48.0,0,0,13.0,S,Second,man,True,Southampton,True,0.1574074074074074,19.74178240740741,-0.38447464817852084,"(40, 50]"
0,3,male,25.0,0,0,8.05,S,Third,man,True,Southampton,True,0.13544668587896252,12.661632564841499,-0.4841333019887193,"(20, 30]"
0,3,male,38.0,0,0,7.05,S,Third,man,True,Southampton,True,0.13544668587896252,12.661632564841499,-0.5042663633645169,"(30, 40]"
0,2,male,30.0,0,0,0.0,S,Second,man,True,Southampton,True,0.1574074074074074,19.74178240740741,-0.6462044460638905,"(20, 30]"
0,1,male,56.0,0,0,26.55,S,First,man,True,Southampton,True,0.36885245901639346,67.22612704918032,-0.11167166653646252,"(50, 60]"
0,3,male,25.0,0,0,7.725,Q,Third,man,True,Queenstown,True,0.13544668587896252,12.661632564841499,-0.4906765469358535,"(20, 30]"
1,3,female,0.75,2,1,19.2583,C,Third,child,False,Cherbourg,False,0.5,16.118809722222224,-0.25847591017036636,"(0, 10]"
0,3,male,25.0,0,0,7.25,S,Third,man,True,Southampton,True,0.13544668587896252,12.661632564841499,-0.5002397510893574,"(20, 30]"
0,3,male,38.0,0,0,8.6625,S,Third,man,True,Southampton,True,0.13544668587896252,12.661632564841499,-0.4718018018960432,"(30, 40]"
1,2,female,33.0,1,2,27.75,S,Second,woman,False,Southampton,False,0.9210526315789473,21.97012105263158,-0.08751199288550533,"(30, 40]"
1,2,female,23.0,0,0,13.7917,C,Second,woman,False,Cherbourg,True,0.9210526315789473,21.97012105263158,-0.36853530348730185,"(20, 30]"
0,3,female,22.0,0,0,9.8375,S,Third,woman,False,Southampton,True,0.5,16.118809722222224,-0.448145454779481,"(20, 30]"
0,1,male,40.0,0,0,52.0,S,First,man,True,Southampton,True,0.36885245901639346,67.22612704918032,0.40071474547758795,"(30, 40]"
0,2,male,34.0,1,0,21.0,S,Second,man,True,Southampton,False,0.1574074074074074,19.74178240740741,-0.22341015717213955,"(30, 40]"
0,3,male,29.0,1,0,7.0458,S,Third,man,True,Southampton,False,0.13544668587896252,12.661632564841499,-0.5043509222222953,"(20, 30]"
0,3,male,22.0,0,0,7.5208,S,Third,man,True,Southampton,True,0.13544668587896252,12.661632564841499,-0.49478771806879135,"(20, 30]"
1,3,female,2.0,0,1,12.2875,S,Third,child,False,Southampton,False,0.5,16.118809722222224,-0.39881945440877664,"(0, 10]"
0,3,male,9.0,5,2,46.9,S,Third,child,False,Southampton,False,0.13544668587896252,12.661632564841499,0.29803613246101984,"(0, 10]"
0,2,male,30.0,0,0,0.0,S,Second,man,True,Southampton,True,0.1574074074074074,19.74178240740741,-0.6462044460638905,"(20, 30]"
0,3,male,50.0,0,0,8.05,S,Third,man,True,Southampton,True,0.13544668587896252,12.661632564841499,-0.4841333019887193,"(40, 50]"
1,3,female,63.0,0,0,9.5875,S,Third,woman,False,Southampton,True,0.5,16.118809722222224,-0.4531787201234304,"(60, 100]"
1,1,male,25.0,1,0,91.0792,C,First,man,True,Cherbourg,False,0.36885245901639346,67.22612704918032,1.1874986775946599,"(20, 30]"
0,3,female,21.5,3,1,25.4667,S,Third,woman,False,Southampton,False,0.5,16.118809722222224,-0.13348181192486414,"(20, 30]"
1,1,female,35.0,1,0,90.0,S,First,woman,False,Southampton,False,0.967391304347826,106.69375000000001,1.1657710777578991,"(30, 40]"
0,1,male,58.0,0,0,29.7,C,First,man,True,Cherbourg,True,0.36885245901639346,67.22612704918032,-0.04825252320269991,"(50, 60]"
0,3,male,30.0,0,0,8.05,S,Third,man,True,Southampton,True,0.13544668587896252,12.661632564841499,-0.4841333019887193,"(20, 30]"
1,3,male,9.0,1,1,15.9,S,Third,child,False,Southampton,False,0.13544668587896252,12.661632564841499,-0.32608877018870763,"(0, 10]"
0,3,male,25.0,1,0,19.9667,S,Third,man,True,Southampton,False,0.13544668587896252,12.661632564841499,-0.24421364949175128,"(20, 30]"
0,3,male,21.0,0,0,7.25,S,Third,man,True,Southampton,True,0.13544668587896252,12.661632564841499,-0.5002397510893574,"(20, 30]"
0,1,male,55.0,0,0,30.5,S,First,man,True,Southampton,True,0.36885245901639346,67.22612704918032,-0.032146074102061765,"(50, 60]"
0,1,male,71.0,0,0,49.5042,C,First,man,True,Cherbourg,True,0.36885245901639346,67.22612704918032,0.3504666508958721,"(60, 100]"
0,3,male,21.0,0,0,8.05,S,Third,man,True,Southampton,True,0.13544668587896252,12.661632564841499,-0.4841333019887193,"(20, 30]"
0,3,male,25.0,0,0,14.4583,C,Third,man,True,Cherbourg,True,0.13544668587896252,12.661632564841499,-0.3551146047741951,"(20, 30]"
1,1,female,54.0,1,0,78.2667,C,First,woman,False,Cherbourg,False,0.967391304347826,106.69375000000001,0.9295438287172524,"(50, 60]"
0,3,male,25.0,0,0,15.1,S,Third,man,True,Southampton,True,0.13544668587896252,12.661632564841499,-0.3421952192893457,"(20, 30]"
0,1,female,25.0,1,2,151.55,S,First,woman,False,Southampton,False,0.967391304347826,106.69375000000001,2.404961005438245,"(20, 30]"
0,3,male,24.0,0,0,7.7958,S,Third,man,True,Southampton,True,0.13544668587896252,12.661632564841499,-0.489251126190447,"(20, 30]"
0,3,male,17.0,0,0,8.6625,S,Third,man,True,Southampton,True,0.13544668587896252,12.661632564841499,-0.4718018018960432,"(10, 20]"
0,3,female,21.0,0,0,7.75,Q,Third,woman,False,Queenstown,True,0.5,16.118809722222224,-0.49017322040145855,"(20, 30]"
0,3,female,21.5,0,0,7.6292,Q,Third,woman,False,Queenstown,True,0.5,16.118809722222224,-0.4926052942156549,"(20, 30]"
0,3,female,37.0,0,0,9.5875,S,Third,woman,False,Southampton,True,0.5,16.118809722222224,-0.4531787201234304,"(30, 40]"
1,1,female,16.0,0,0,86.5,S,First,woman,False,Southampton,True,0.967391304347826,106.69375000000001,1.0953053629426073,"(10, 20]"
0,1,male,18.0,1,0,108.9,C,First,man,True,Cherbourg,False,0.36885245901639346,67.22612704918032,1.546285937760475,"(10, 20]"
1,2,female,33.0,0,2,26.0,S,Second,woman,False,Southampton,False,0.9210526315789473,21.97012105263158,-0.12274485029315124,"(30, 40]"
1,1,male,40.0,0,0,26.55,S,First,man,True,Southampton,True,0.36885245901639346,67.22612704918032,-0.11167166653646252,"(30, 40]"
0,3,male,28.0,0,0,22.525,S,Third,man,True,Southampton,True,0.13544668587896252,12.661632564841499,-0.19270723857404815,"(20, 30]"
1,3,male,26.0,0,0,56.4958,S,Third,man,True,Southampton,True,0.13544668587896252,12.661632564841499,0.4912289628108992,"(20, 30]"
1,3,male,29.0,0,0,7.75,Q,Third,man,True,Queenstown,True,0.13544668587896252,12.661632564841499,-0.49017322040145855,"(20, 30]"
0,3,male,25.0,0,0,8.05,S,Third,man,True,Southampton,True,0.13544668587896252,12.661632564841499,-0.4841333019887193,"(20, 30]"
1,1,male,36.0,0,0,26.2875,S,First,man,True,Southampton,True,0.36885245901639346,67.22612704918032,-0.1169565951476094,"(30, 40]"
1,1,female,54.0,1,0,59.4,C,First,woman,False,Cherbourg,False,0.967391304347826,106.69375000000001,0.5496993996584907,"(50, 60]"
0,3,male,24.0,0,0,7.4958,S,Third,man,True,Southampton,True,0.13544668587896252,12.661632564841499,-0.49529104460318635,"(20, 30]"
0,1,male,47.0,0,0,34.0208,S,First,man,True,Southampton,True,0.36885245901639346,67.22612704918032,0.03873840838984667,"(40, 50]"
1,2,female,34.0,0,0,10.5,S,Second,woman,False,Southampton,True,0.9210526315789473,21.97012105263158,-0.434807301618015,"(30, 40]"
0,3,male,25.0,0,0,24.15,Q,Third,man,True,Queenstown,True,0.13544668587896252,12.661632564841499,-0.15999101383837694,"(20, 30]"
1,2,female,36.0,1,0,26.0,S,Second,woman,False,Southampton,False,0.9210526315789473,21.97012105263158,-0.12274485029315124,"(30, 40]"
0,3,male,32.0,0,0,7.8958,S,Third,man,True,Southampton,True,0.13544668587896252,12.661632564841499,-0.48723782005286725,"(30, 40]"
1,1,female,30.0,0,0,93.5,S,First,woman,False,Southampton,True,0.967391304347826,106.69375000000001,1.236236792573191,"(20, 30]"
0,3,male,22.0,0,0,7.8958,S,Third,man,True,Southampton,True,0.13544668587896252,12.661632564841499,-0.48723782005286725,"(20, 30]"
0,3,male,25.0,0,0,7.225,C,Third,man,True,Cherbourg,True,0.13544668587896252,12.661632564841499,-0.5007430776237524,"(20, 30]"
1,1,female,44.0,0,1,57.9792,C,First,woman,False,Cherbourg,False,0.967391304347826,106.69375000000001,0.5210943460557573,"(40, 50]"
0,3,male,25.0,0,0,7.2292,C,Third,man,True,Cherbourg,True,0.13544668587896252,12.661632564841499,-0.500658518765974,"(20, 30]"
0,3,male,40.5,0,0,7.75,Q,Third,man,True,Queenstown,True,0.13544668587896252,12.661632564841499,-0.49017322040145855,"(40, 50]"
1,2,female,50.0,0,0,10.5,S,Second,woman,False,Southampton,True,0.9210526315789473,21.97012105263158,-0.434807301618015,"(40, 50]"
0,1,male,40.0,0,0,221.7792,S,First,man,True,Southampton,True,0.36885245901639346,67.22612704918032,3.8188897994114144,"(30, 40]"
0,3,male,39.0,0,0,7.925,S,Third,man,True,Southampton,True,0.13544668587896252,12.661632564841499,-0.48664993466069395,"(30, 40]"
0,2,male,23.0,2,1,11.5,S,Second,man,True,Southampton,False,0.1574074074074074,19.74178240740741,-0.41467424024221733,"(20, 30]"
1,2,female,2.0,1,1,26.0,S,Second,child,False,Southampton,False,0.9210526315789473,21.97012105263158,-0.12274485029315124,"(0, 10]"
0,3,male,25.0,0,0,7.2292,C,Third,man,True,Cherbourg,True,0.13544668587896252,12.661632564841499,-0.500658518765974,"(20, 30]"
0,3,male,17.0,1,1,7.2292,C,Third,man,True,Cherbourg,False,0.13544668587896252,12.661632564841499,-0.500658518765974,"(10, 20]"
1,3,female,21.5,0,2,22.3583,C,Third,woman,False,Cherbourg,False,0.5,16.118809722222224,-0.19606341990539358,"(20, 30]"
0,3,female,30.0,0,0,8.6625,S,Third,woman,False,Southampton,True,0.5,16.118809722222224,-0.4718018018960432,"(20, 30]"
1,2,female,7.0,0,2,26.25,S,Second,child,False,Southampton,False,0.9210526315789473,21.97012105263158,-0.11771158494920184,"(0, 10]"
0,1,male,45.0,0,0,26.55,S,First,man,True,Southampton,True,0.36885245901639346,67.22612704918032,-0.11167166653646252,"(40, 50]"
1,1,female,30.0,0,0,106.425,C,First,woman,False,Cherbourg,True,0.967391304347826,106.69375000000001,1.4964566108553758,"(20, 30]"
0,3,male,25.0,0,0,14.5,S,Third,man,True,Southampton,True,0.13544668587896252,12.661632564841499,-0.35427505611482435,"(20, 30]"
1,1,female,22.0,0,2,49.5,C,First,woman,False,Cherbourg,False,0.967391304347826,106.69375000000001,0.3503820920380938,"(20, 30]"
1,1,female,36.0,0,2,71.0,S,First,woman,False,Southampton,False,0.967391304347826,106.69375000000001,0.7832429116177435,"(30, 40]"
0,3,female,9.0,4,2,31.275,S,Third,child,False,Southampton,False,0.5,16.118809722222224,-0.016542951535818605,"(0, 10]"
0,3,female,11.0,4,2,31.275,S,Third,child,False,Southampton,False,0.5,16.118809722222224,-0.016542951535818605,"(10, 20]"
1,2,male,32.0,1,0,26.0,S,Second,man,True,Southampton,False,0.1574074074074074,19.74178240740741,-0.12274485029315124,"(30, 40]"
0,1,male,50.0,1,0,106.425,C,First,man,True,Cherbourg,False,0.36885245901639346,67.22612704918032,1.4964566108553758,"(40, 50]"
0,1,male,64.0,0,0,26.0,S,First,man,True,Southampton,True,0.36885245901639346,67.22612704918032,-0.12274485029315124,"(60, 100]"
1,2,female,19.0,1,0,26.0,S,Second,woman,False,Southampton,False,0.9210526315789473,21.97012105263158,-0.12274485029315124,"(10, 20]"
1,2,male,30.0,0,0,13.8625,C,Second,man,True,Cherbourg,True,0.1574074074074074,19.74178240740741,-0.3671098827418954,"(20, 30]"
0,3,male,33.0,1,1,20.525,S,Third,man,True,Southampton,False,0.13544668587896252,12.661632564841499,-0.23297336132564347,"(30, 40]"
1,2,male,8.0,1,1,36.75,S,Second,child,False,Southampton,False,0.1574074074074074,19.74178240740741,0.09368555949667362,"(0, 10]"
1,1,male,17.0,0,2,110.8833,C,First,man,True,Cherbourg,False,0.36885245901639346,67.22612704918032,1.5862158383870948,"(10, 20]"
0,2,male,27.0,0,0,26.0,S,Second,man,True,Southampton,True,0.1574074074074074,19.74178240740741,-0.12274485029315124,"(20, 30]"
0,3,male,25.0,0,0,7.8292,Q,Third,man,True,Queenstown,True,0.13544668587896252,12.661632564841499,-0.4885786819404954,"(20, 30]"
1,3,male,22.0,0,0,7.225,C,Third,man,True,Cherbourg,True,0.13544668587896252,12.661632564841499,-0.5007430776237524,"(20, 30]"
1,3,female,22.0,0,0,7.775,S,Third,woman,False,Southampton,True,0.5,16.118809722222224,-0.48966989386706367,"(20, 30]"
0,1,male,62.0,0,0,26.55,S,First,man,True,Southampton,True,0.36885245901639346,67.22612704918032,-0.11167166653646252,"(60, 100]"
1,1,female,48.0,1,0,39.6,C,First,woman,False,Cherbourg,False,0.967391304347826,106.69375000000001,0.151064784417697,"(40, 50]"
0,1,male,40.0,0,0,227.525,C,First,man,True,Cherbourg,True,0.36885245901639346,67.22612704918032,3.9345703434644728,"(30, 40]"
1,1,female,39.0,1,1,79.65,S,First,woman,False,Southampton,False,0.967391304347826,106.69375000000001,0.9573938925183935,"(30, 40]"
1,3,female,36.0,1,0,17.4,S,Third,woman,False,Southampton,False,0.5,16.118809722222224,-0.29588917812501114,"(30, 40]"
0,3,male,25.0,0,0,7.75,Q,Third,man,True,Queenstown,True,0.13544668587896252,12.661632564841499,-0.49017322040145855,"(20, 30]"
0,3,male,40.0,0,0,7.8958,S,Third,man,True,Southampton,True,0.13544668587896252,12.661632564841499,-0.48723782005286725,"(30, 40]"
0,2,male,28.0,0,0,13.5,S,Second,man,True,Southampton,True,0.1574074074074074,19.74178240740741,-0.374408117490622,"(20, 30]"
0,3,male,25.0,0,0,8.05,S,Third,man,True,Southampton,True,0.13544668587896252,12.661632564841499,-0.4841333019887193,"(20, 30]"
0,3,female,21.5,0,0,8.05,S,Third,woman,False,Southampton,True,0.5,16.118809722222224,-0.4841333019887193,"(20, 30]"
0,3,male,24.0,2,0,24.15,S,Third,man,True,Southampton,False,0.13544668587896252,12.661632564841499,-0.15999101383837694,"(20, 30]"
0,3,male,19.0,0,0,7.8958,S,Third,man,True,Southampton,True,0.13544668587896252,12.661632564841499,-0.48723782005286725,"(10, 20]"
0,3,female,29.0,0,4,21.075,S,Third,woman,False,Southampton,False,0.5,16.118809722222224,-0.22190017756895475,"(20, 30]"
0,3,male,25.0,0,0,7.2292,C,Third,man,True,Cherbourg,True,0.13544668587896252,12.661632564841499,-0.500658518765974,"(20, 30]"
1,3,male,32.0,0,0,7.8542,S,Third,man,True,Southampton,True,0.13544668587896252,12.661632564841499,-0.4880753554061005,"(30, 40]"
1,2,male,62.0,0,0,10.5,S,Second,man,True,Southampton,True,0.1574074074074074,19.74178240740741,-0.434807301618015,"(60, 100]"
1,1,female,53.0,2,0,51.4792,S,First,woman,False,Southampton,False,0.967391304347826,106.69375000000001,0.3902294471130725,"(50, 60]"
1,1,male,36.0,0,0,26.3875,S,First,man,True,Southampton,True,0.36885245901639346,67.22612704918032,-0.11494328901002966,"(30, 40]"
1,3,female,21.5,0,0,7.75,Q,Third,woman,False,Queenstown,True,0.5,16.118809722222224,-0.49017322040145855,"(20, 30]"
0,3,male,16.0,0,0,8.05,S,Third,man,True,Southampton,True,0.13544668587896252,12.661632564841499,-0.4841333019887193,"(10, 20]"
0,3,male,19.0,0,0,14.5,S,Third,man,True,Southampton,True,0.13544668587896252,12.661632564841499,-0.35427505611482435,"(10, 20]"
1,2,female,34.0,0,0,13.0,S,Second,woman,False,Southampton,True,0.9210526315789473,21.97012105263158,-0.38447464817852084,"(30, 40]"
1,1,female,39.0,1,0,55.9,S,First,woman,False,Southampton,False,0.967391304347826,106.69375000000001,0.47923368484319884,"(30, 40]"
0,3,female,21.5,1,0,14.4583,C,Third,woman,False,Cherbourg,False,0.5,16.118809722222224,-0.3551146047741951,"(20, 30]"
1,3,male,32.0,0,0,7.925,S,Third,man,True,Southampton,True,0.13544668587896252,12.661632564841499,-0.48664993466069395,"(30, 40]"
1,2,female,25.0,1,1,30.0,S,Second,woman,False,Southampton,False,0.9210526315789473,21.97012105263158,-0.0422126047899606,"(20, 30]"
1,1,female,39.0,1,1,110.8833,C,First,woman,False,Cherbourg,False,0.967391304347826,106.69375000000001,1.5862158383870948,"(30, 40]"
0,2,male,54.0,0,0,26.0,S,Second,man,True,Southampton,True,0.1574074074074074,19.74178240740741,-0.12274485029315124,"(50, 60]"
0,1,male,36.0,0,0,40.125,C,First,man,True,Cherbourg,True,0.36885245901639346,67.22612704918032,0.16163464163999072,"(30, 40]"
0,3,male,25.0,0,0,8.7125,C,Third,man,True,Cherbourg,True,0.13544668587896252,12.661632564841499,-0.4707951488272534,"(20, 30]"
1,1,female,18.0,0,2,79.65,S,First,woman,False,Southampton,False,0.967391304347826,106.69375000000001,0.9573938925183935,"(10, 20]"
0,2,male,47.0,0,0,15.0,S,Second,man,True,Southampton,True,0.1574074074074074,19.74178240740741,-0.34420852542692554,"(40, 50]"
1,1,male,60.0,1,1,79.2,C,First,man,True,Cherbourg,False,0.36885245901639346,67.22612704918032,0.9483340148992845,"(50, 60]"
0,3,male,22.0,0,0,8.05,S,Third,man,True,Southampton,True,0.13544668587896252,12.661632564841499,-0.4841333019887193,"(20, 30]"
0,3,male,25.0,0,0,8.05,S,Third,man,True,Southampton,True,0.13544668587896252,12.661632564841499,-0.4841333019887193,"(20, 30]"
0,3,male,35.0,0,0,7.125,S,Third,man,True,Southampton,True,0.13544668587896252,12.661632564841499,-0.5027563837613321,"(30, 40]"
1,1,female,52.0,1,0,78.2667,C,First,woman,False,Cherbourg,False,0.967391304347826,106.69375000000001,0.9295438287172524,"(50, 60]"
0,3,male,47.0,0,0,7.25,S,Third,man,True,Southampton,True,0.13544668587896252,12.661632564841499,-0.5002397510893574,"(40, 50]"
0,3,female,21.5,0,2,7.75,Q,Third,woman,False,Queenstown,False,0.5,16.118809722222224,-0.49017322040145855,"(20, 30]"
0,2,male,37.0,1,0,26.0,S,Second,man,True,Southampton,False,0.1574074074074074,19.74178240740741,-0.12274485029315124,"(30, 40]"
0,3,male,36.0,1,1,24.15,S,Third,man,True,Southampton,False,0.13544668587896252,12.661632564841499,-0.15999101383837694,"(30, 40]"
1,2,female,28.0,0,0,33.0,S,Second,woman,False,Southampton,True,0.9210526315789473,21.97012105263158,0.01818657933743239,"(20, 30]"
0,3,male,49.0,0,0,0.0,S,Third,man,True,Southampton,True,0.13544668587896252,12.661632564841499,-0.6462044460638905,"(40, 50]"
0,3,male,25.0,0,0,7.225,C,Third,man,True,Cherbourg,True,0.13544668587896252,12.661632564841499,-0.5007430776237524,"(20, 30]"
1,1,male,49.0,1,0,56.9292,C,First,man,True,Cherbourg,False,0.36885245901639346,67.22612704918032,0.4999546316111698,"(40, 50]"
1,2,female,24.0,2,1,27.0,S,Second,woman,False,Southampton,False,0.9210526315789473,21.97012105263158,-0.10261178891735358,"(20, 30]"
0,3,male,25.0,0,0,7.8958,S,Third,man,True,Southampton,True,0.13544668587896252,12.661632564841499,-0.48723782005286725,"(20, 30]"
0,1,male,40.0,0,0,42.4,S,First,man,True,Southampton,True,0.36885245901639346,67.22612704918032,0.20743735626993037,"(30, 40]"
0,3,male,44.0,0,0,8.05,S,Third,man,True,Southampton,True,0.13544668587896252,12.661632564841499,-0.4841333019887193,"(40, 50]"
1,1,male,35.0,0,0,26.55,C,First,man,True,Cherbourg,True,0.36885245901639346,67.22612704918032,-0.11167166653646252,"(30, 40]"
0,3,male,36.0,1,0,15.55,S,Third,man,True,Southampton,False,0.13544668587896252,12.661632564841499,-0.3331353416702368,"(30, 40]"
0,3,male,30.0,0,0,7.8958,S,Third,man,True,Southampton,True,0.13544668587896252,12.661632564841499,-0.48723782005286725,"(20, 30]"
1,1,male,27.0,0,0,30.5,S,First,man,True,Southampton,True,0.36885245901639346,67.22612704918032,-0.032146074102061765,"(20, 30]"
1,2,female,22.0,1,2,41.5792,C,Second,woman,False,Cherbourg,False,0.9210526315789473,21.97012105263158,0.1909121394926757,"(20, 30]"
1,1,female,40.0,0,0,153.4625,S,First,woman,False,Southampton,True,0.967391304347826,106.69375000000001,2.443465485319458,"(30, 40]"
0,3,female,39.0,1,5,31.275,S,Third,woman,False,Southampton,False,0.5,16.118809722222224,-0.016542951535818605,"(30, 40]"
0,3,male,25.0,0,0,7.05,S,Third,man,True,Southampton,True,0.13544668587896252,12.661632564841499,-0.5042663633645169,"(20, 30]"
1,3,female,21.5,1,0,15.5,Q,Third,woman,False,Queenstown,False,0.5,16.118809722222224,-0.33414199473902667,"(20, 30]"
0,3,male,25.0,0,0,7.75,Q,Third,man,True,Queenstown,True,0.13544668587896252,12.661632564841499,-0.49017322040145855,"(20, 30]"
0,3,male,35.0,0,0,8.05,S,Third,man,True,Southampton,True,0.13544668587896252,12.661632564841499,-0.4841333019887193,"(30, 40]"
1,2,female,24.0,1,2,65.0,S,Second,woman,False,Southampton,False,0.9210526315789473,21.97012105263158,0.6624445433629575,"(20, 30]"
0,3,male,34.0,1,1,14.4,S,Third,man,True,Southampton,False,0.13544668587896252,12.661632564841499,-0.3562883622524042,"(30, 40]"
0,3,female,26.0,1,0,16.1,S,Third,woman,False,Southampton,False,0.5,16.118809722222224,-0.3220621579135481,"(20, 30]"
1,2,female,4.0,2,1,39.0,S,Second,child,False,Southampton,False,0.9210526315789473,21.97012105263158,0.13898494759221836,"(0, 10]"
0,2,male,26.0,0,0,10.5,S,Second,man,True,Southampton,True,0.1574074074074074,19.74178240740741,-0.434807301618015,"(20, 30]"
0,3,male,27.0,1,0,14.4542,C,Third,man,True,Cherbourg,False,0.13544668587896252,12.661632564841499,-0.3551971503258359,"(20, 30]"
1,1,male,42.0,1,0,52.5542,S,First,man,True,Southampton,False,0.36885245901639346,67.22612704918032,0.41187248809205507,"(40, 50]"
1,3,male,20.0,1,1,15.7417,C,Third,man,True,Cherbourg,False,0.13544668587896252,12.661632564841499,-0.3292758338044964,"(10, 20]"
0,3,male,21.0,0,0,7.8542,S,Third,man,True,Southampton,True,0.13544668587896252,12.661632564841499,-0.4880753554061005,"(20, 30]"
0,3,male,21.0,0,0,16.1,S,Third,man,True,Southampton,True,0.13544668587896252,12.661632564841499,-0.3220621579135481,"(20, 30]"
0,1,male,61.0,0,0,32.3208,S,First,man,True,Southampton,True,0.36885245901639346,67.22612704918032,0.004512204050990585,"(60, 100]"
0,2,male,57.0,0,0,12.35,Q,Second,man,True,Queenstown,True,0.1574074074074074,19.74178240740741,-0.3975611380727893,"(50, 60]"
1,1,female,21.0,0,0,77.9583,S,First,woman,False,Southampton,True,0.967391304347826,106.69375000000001,0.9233347925889563,"(20, 30]"
0,3,male,26.0,0,0,7.8958,S,Third,man,True,Southampton,True,0.13544668587896252,12.661632564841499,-0.48723782005286725,"(20, 30]"
0,3,male,25.0,0,0,7.7333,Q,Third,man,True,Queenstown,True,0.13544668587896252,12.661632564841499,-0.4905094425264344,"(20, 30]"
1,1,male,80.0,0,0,30.0,S,First,man,True,Southampton,True,0.36885245901639346,67.22612704918032,-0.0422126047899606,"(60, 100]"
0,3,male,51.0,0,0,7.0542,S,Third,man,True,Southampton,True,0.13544668587896252,12.661632564841499,-0.5041818045067386,"(50, 60]"
1,1,male,32.0,0,0,30.5,C,First,man,True,Cherbourg,True,0.36885245901639346,67.22612704918032,-0.032146074102061765,"(30, 40]"
0,1,male,40.0,0,0,0.0,S,First,man,True,Southampton,True,0.36885245901639346,67.22612704918032,-0.6462044460638905,"(30, 40]"
0,3,female,9.0,3,2,27.9,S,Third,child,False,Southampton,False,0.5,16.118809722222224,-0.08449203367913571,"(0, 10]"
1,2,female,28.0,0,0,13.0,S,Second,woman,False,Southampton,True,0.9210526315789473,21.97012105263158,-0.38447464817852084,"(20, 30]"
0,3,male,32.0,0,0,7.925,S,Third,man,True,Southampton,True,0.13544668587896252,12.661632564841499,-0.48664993466069395,"(30, 40]"
0,2,male,31.0,1,1,26.25,S,Second,man,True,Southampton,False,0.1574074074074074,19.74178240740741,-0.11771158494920184,"(30, 40]"
0,3,female,41.0,0,5,39.6875,S,Third,woman,False,Southampton,False,0.5,16.118809722222224,0.15282642728807924,"(40, 50]"
0,3,male,25.0,1,0,16.1,S,Third,man,True,Southampton,False,0.13544668587896252,12.661632564841499,-0.3220621579135481,"(20, 30]"
0,3,male,20.0,0,0,7.8542,S,Third,man,True,Southampton,True,0.13544668587896252,12.661632564841499,-0.4880753554061005,"(10, 20]"
1,1,female,24.0,0,0,69.3,C,First,woman,False,Cherbourg,True,0.967391304347826,106.69375000000001,0.7490167072788875,"(20, 30]"
0,3,female,2.0,3,2,27.9,S,Third,child,False,Southampton,False,0.5,16.118809722222224,-0.08449203367913571,"(0, 10]"
1,3,male,25.0,0,0,56.4958,S,Third,man,True,Southampton,True,0.13544668587896252,12.661632564841499,0.4912289628108992,"(20, 30]"
1,3,female,0.75,2,1,19.2583,C,Third,child,False,Cherbourg,False,0.5,16.118809722222224,-0.25847591017036636,"(0, 10]"
1,1,male,48.0,1,0,76.7292,C,First,man,True,Cherbourg,False,0.36885245901639346,67.22612704918032,0.8985892468519636,"(40, 50]"
0,3,male,19.0,0,0,7.8958,S,Third,man,True,Southampton,True,0.13544668587896252,12.661632564841499,-0.48723782005286725,"(10, 20]"
1,1,male,56.0,0,0,35.5,C,First,man,True,Cherbourg,True,0.36885245901639346,67.22612704918032,0.06851923277692655,"(50, 60]"
0,3,male,25.0,0,0,7.55,S,Third,man,True,Southampton,True,0.13544668587896252,12.661632564841499,-0.4941998326766181,"(20, 30]"
1,3,female,23.0,0,0,7.55,S,Third,woman,False,Southampton,True,0.5,16.118809722222224,-0.4941998326766181,"(20, 30]"
0,3,male,25.0,0,0,7.8958,S,Third,man,True,Southampton,True,0.13544668587896252,12.661632564841499,-0.48723782005286725,"(20, 30]"
1,2,female,18.0,0,1,23.0,S,Second,woman,False,Southampton,False,0.9210526315789473,21.97012105263158,-0.18314403442054422,"(10, 20]"
0,3,male,21.0,0,0,8.4333,S,Third,man,True,Southampton,True,0.13544668587896252,12.661632564841499,-0.47641629956337606,"(20, 30]"
1,3,female,21.5,0,0,7.8292,Q,Third,woman,False,Queenstown,True,0.5,16.118809722222224,-0.4885786819404954,"(20, 30]"
0,3,female,18.0,0,0,6.75,Q,Third,woman,False,Queenstown,True,0.5,16.118809722222224,-0.5103062817772562,"(10, 20]"
0,2,male,24.0,2,0,73.5,S,Second,man,True,Southampton,False,0.1574074074074074,19.74178240740741,0.8335755650572377,"(20, 30]"
0,3,male,25.0,0,0,7.8958,S,Third,man,True,Southampton,True,0.13544668587896252,12.661632564841499,-0.48723782005286725,"(20, 30]"
0,3,female,32.0,1,1,15.5,Q,Third,woman,False,Queenstown,False,0.5,16.118809722222224,-0.33414199473902667,"(30, 40]"
0,2,male,23.0,0,0,13.0,S,Second,man,True,Southampton,True,0.1574074074074074,19.74178240740741,-0.38447464817852084,"(20, 30]"
0,1,male,58.0,0,2,113.275,C,First,man,True,Cherbourg,False,0.36885245901639346,67.22612704918032,1.6343680812795898,"(50, 60]"
1,1,male,50.0,2,0,133.65,S,First,man,True,Southampton,False,0.36885245901639346,67.22612704918032,2.044579206811467,"(40, 50]"
0,3,male,40.0,0,0,7.225,C,Third,man,True,Cherbourg,True,0.13544668587896252,12.661632564841499,-0.5007430776237524,"(30, 40]"
0,1,male,47.0,0,0,25.5875,S,First,man,True,Southampton,True,0.36885245901639346,67.22612704918032,-0.1310497381106678,"(40, 50]"
0,3,male,36.0,0,0,7.4958,S,Third,man,True,Southampton,True,0.13544668587896252,12.661632564841499,-0.49529104460318635,"(30, 40]"
1,3,male,20.0,1,0,7.925,S,Third,man,True,Southampton,False,0.13544668587896252,12.661632564841499,-0.48664993466069395,"(10, 20]"
0,2,male,32.0,2,0,73.5,S,Second,man,True,Southampton,False,0.1574074074074074,19.74178240740741,0.8335755650572377,"(30, 40]"
0,2,male,25.0,0,0,13.0,S,Second,man,True,Southampton,True,0.1574074074074074,19.74178240740741,-0.38447464817852084,"(20, 30]"
0,3,male,25.0,0,0,7.775,S,Third,man,True,Southampton,True,0.13544668587896252,12.661632564841499,-0.48966989386706367,"(20, 30]"
0,3,male,43.0,0,0,8.05,S,Third,man,True,Southampton,True,0.13544668587896252,12.661632564841499,-0.4841333019887193,"(40, 50]"
1,1,female,35.0,1,0,52.0,S,First,woman,False,Southampton,False,0.967391304347826,106.69375000000001,0.40071474547758795,"(30, 40]"
1,2,female,40.0,1,1,39.0,S,Second,woman,False,Southampton,False,0.9210526315789473,21.97012105263158,0.13898494759221836,"(30, 40]"
0,1,male,31.0,1,0,52.0,S,First,man,True,Southampton,False,0.36885245901639346,67.22612704918032,0.40071474547758795,"(30, 40]"
0,2,male,70.0,0,0,10.5,S,Second,man,True,Southampton,True,0.1574074074074074,19.74178240740741,-0.434807301618015,"(60, 100]"
1,2,male,31.0,0,0,13.0,S,Second,man,True,Southampton,True,0.1574074074074074,19.74178240740741,-0.38447464817852084,"(30, 40]"
0,2,male,30.0,0,0,0.0,S,Second,man,True,Southampton,True,0.1574074074074074,19.74178240740741,-0.6462044460638905,"(20, 30]"
0,3,male,18.0,0,0,7.775,S,Third,man,True,Southampton,True,0.13544668587896252,12.661632564841499,-0.48966989386706367,"(10, 20]"
0,3,male,24.5,0,0,8.05,S,Third,man,True,Southampton,True,0.13544668587896252,12.661632564841499,-0.4841333019887193,"(20, 30]"
1,3,female,18.0,0,0,9.8417,S,Third,woman,False,Southampton,True,0.5,16.118809722222224,-0.4480608959217026,"(10, 20]"
0,3,female,43.0,1,6,46.9,S,Third,woman,False,Southampton,False,0.5,16.118809722222224,0.29803613246101984,"(40, 50]"
1,1,male,36.0,0,1,512.3292,C,First,man,True,Cherbourg,False,0.36885245901639346,67.22612704918032,9.668550782149426,"(30, 40]"
0,3,female,21.5,0,0,8.1375,Q,Third,woman,False,Queenstown,True,0.5,16.118809722222224,-0.482371659118337,"(20, 30]"
1,1,male,27.0,0,0,76.7292,C,First,man,True,Cherbourg,True,0.36885245901639346,67.22612704918032,0.8985892468519636,"(20, 30]"
0,3,male,20.0,0,0,9.225,S,Third,man,True,Southampton,True,0.13544668587896252,12.661632564841499,-0.460476954872157,"(10, 20]"
0,3,male,14.0,5,2,46.9,S,Third,child,False,Southampton,False,0.13544668587896252,12.661632564841499,0.29803613246101984,"(10, 20]"
0,2,male,60.0,1,1,39.0,S,Second,man,True,Southampton,False,0.1574074074074074,19.74178240740741,0.13898494759221836,"(50, 60]"
0,2,male,25.0,1,2,41.5792,C,Second,man,True,Cherbourg,False,0.1574074074074074,19.74178240740741,0.1909121394926757,"(20, 30]"
0,3,male,14.0,4,1,39.6875,S,Third,child,False,Southampton,False,0.13544668587896252,12.661632564841499,0.15282642728807924,"(10, 20]"
0,3,male,19.0,0,0,10.1708,S,Third,man,True,Southampton,True,0.13544668587896252,12.661632564841499,-0.4414351054229276,"(10, 20]"
0,3,male,18.0,0,0,7.7958,S,Third,man,True,Southampton,True,0.13544668587896252,12.661632564841499,-0.489251126190447,"(10, 20]"
1,1,female,15.0,0,1,211.3375,S,First,child,False,Southampton,False,0.967391304347826,106.69375000000001,3.608666412443748,"(10, 20]"
1,1,male,31.0,1,0,57.0,S,First,man,True,Southampton,False,0.36885245901639346,67.22612704918032,0.5013800523565762,"(30, 40]"
1,3,female,4.0,0,1,13.4167,C,Third,child,False,Cherbourg,False,0.5,16.118809722222224,-0.376085201503226,"(0, 10]"
1,3,male,25.0,0,0,56.4958,S,Third,man,True,Southampton,True,0.13544668587896252,12.661632564841499,0.4912289628108992,"(20, 30]"
0,3,male,25.0,0,0,7.225,C,Third,man,True,Cherbourg,True,0.13544668587896252,12.661632564841499,-0.5007430776237524,"(20, 30]"
0,1,male,60.0,0,0,26.55,S,First,man,True,Southampton,True,0.36885245901639346,67.22612704918032,-0.11167166653646252,"(50, 60]"
0,2,male,52.0,0,0,13.5,S,Second,man,True,Southampton,True,0.1574074074074074,19.74178240740741,-0.374408117490622,"(50, 60]"
0,3,male,44.0,0,0,8.05,S,Third,man,True,Southampton,True,0.13544668587896252,12.661632564841499,-0.4841333019887193,"(40, 50]"
1,3,female,21.5,0,0,7.7333,Q,Third,woman,False,Queenstown,True,0.5,16.118809722222224,-0.4905094425264344,"(20, 30]"
0,1,male,49.0,1,1,110.8833,C,First,man,True,Cherbourg,False,0.36885245901639346,67.22612704918032,1.5862158383870948,"(40, 50]"
0,3,male,42.0,0,0,7.65,S,Third,man,True,Southampton,True,0.13544668587896252,12.661632564841499,-0.4921865265390384,"(40, 50]"
1,1,female,18.0,1,0,227.525,C,First,woman,False,Cherbourg,False,0.967391304347826,106.69375000000001,3.9345703434644728,"(10, 20]"
1,1,male,35.0,0,0,26.2875,S,First,man,True,Southampton,True,0.36885245901639346,67.22612704918032,-0.1169565951476094,"(30, 40]"
0,3,female,18.0,0,1,14.4542,C,Third,woman,False,Cherbourg,False,0.5,16.118809722222224,-0.3551971503258359,"(10, 20]"
0,3,male,25.0,0,0,7.7417,Q,Third,man,True,Queenstown,True,0.13544668587896252,12.661632564841499,-0.49034032481087764,"(20, 30]"
0,3,male,26.0,1,0,7.8542,S,Third,man,True,Southampton,False,0.13544668587896252,12.661632564841499,-0.4880753554061005,"(20, 30]"
0,2,male,39.0,0,0,26.0,S,Second,man,True,Southampton,True,0.1574074074074074,19.74178240740741,-0.12274485029315124,"(30, 40]"
1,2,female,45.0,0,0,13.5,S,Second,woman,False,Southampton,True,0.9210526315789473,21.97012105263158,-0.374408117490622,"(40, 50]"
1,1,male,42.0,0,0,26.2875,S,First,man,True,Southampton,True,0.36885245901639346,67.22612704918032,-0.1169565951476094,"(40, 50]"
1,1,female,22.0,0,0,151.55,S,First,woman,False,Southampton,True,0.967391304347826,106.69375000000001,2.404961005438245,"(20, 30]"
1,3,male,25.0,1,1,15.2458,C,Third,man,True,Cherbourg,False,0.13544668587896252,12.661632564841499,-0.33925981894075447,"(20, 30]"
1,1,female,24.0,0,0,49.5042,C,First,woman,False,Cherbourg,True,0.967391304347826,106.69375000000001,0.3504666508958721,"(20, 30]"
0,1,male,40.0,0,0,26.55,S,First,man,True,Southampton,True,0.36885245901639346,67.22612704918032,-0.11167166653646252,"(30, 40]"
1,1,male,48.0,1,0,52.0,S,First,man,True,Southampton,False,0.36885245901639346,67.22612704918032,0.40071474547758795,"(40, 50]"
0,3,male,29.0,0,0,9.4833,S,Third,man,True,Southampton,True,0.13544668587896252,12.661632564841499,-0.4552765851187885,"(20, 30]"
0,2,male,52.0,0,0,13.0,S,Second,man,True,Southampton,True,0.1574074074074074,19.74178240740741,-0.38447464817852084,"(50, 60]"
0,3,male,19.0,0,0,7.65,S,Third,man,True,Southampton,True,0.13544668587896252,12.661632564841499,-0.4921865265390384,"(10, 20]"
1,1,female,38.0,0,0,227.525,C,First,woman,False,Cherbourg,True,0.967391304347826,106.69375000000001,3.9345703434644728,"(30, 40]"
1,2,female,27.0,0,0,10.5,S,Second,woman,False,Southampton,True,0.9210526315789473,21.97012105263158,-0.434807301618015,"(20, 30]"
0,3,male,25.0,0,0,15.5,Q,Third,man,True,Queenstown,True,0.13544668587896252,12.661632564841499,-0.33414199473902667,"(20, 30]"
0,3,male,33.0,0,0,7.775,S,Third,man,True,Southampton,True,0.13544668587896252,12.661632564841499,-0.48966989386706367,"(30, 40]"
1,2,female,6.0,0,1,33.0,S,Second,child,False,Southampton,False,0.9210526315789473,21.97012105263158,0.01818657933743239,"(0, 10]"
0,3,male,17.0,1,0,7.0542,S,Third,man,True,Southampton,False,0.13544668587896252,12.661632564841499,-0.5041818045067386,"(10, 20]"
0,2,male,34.0,0,0,13.0,S,Second,man,True,Southampton,True,0.1574074074074074,19.74178240740741,-0.38447464817852084,"(30, 40]"
0,2,male,50.0,0,0,13.0,S,Second,man,True,Southampton,True,0.1574074074074074,19.74178240740741,-0.38447464817852084,"(40, 50]"
1,1,male,27.0,1,0,53.1,S,First,man,True,Southampton,False,0.36885245901639346,67.22612704918032,0.4228611129909654,"(20, 30]"
0,3,male,20.0,0,0,8.6625,S,Third,man,True,Southampton,True,0.13544668587896252,12.661632564841499,-0.4718018018960432,"(10, 20]"
1,2,female,30.0,3,0,21.0,S,Second,woman,False,Southampton,False,0.9210526315789473,21.97012105263158,-0.22341015717213955,"(20, 30]"
1,3,female,21.5,0,0,7.7375,Q,Third,woman,False,Queenstown,True,0.5,16.118809722222224,-0.49042488366865605,"(20, 30]"
0,2,male,25.0,1,0,26.0,S,Second,man,True,Southampton,False,0.1574074074074074,19.74178240740741,-0.12274485029315124,"(20, 30]"
0,3,female,25.0,1,0,7.925,S,Third,woman,False,Southampton,False,0.5,16.118809722222224,-0.48664993466069395,"(20, 30]"
1,1,female,29.0,0,0,211.3375,S,First,woman,False,Southampton,True,0.967391304347826,106.69375000000001,3.608666412443748,"(20, 30]"
0,3,male,11.0,0,0,18.7875,C,Third,child,False,Cherbourg,True,0.13544668587896252,12.661632564841499,-0.26795455546609187,"(10, 20]"
0,2,male,30.0,0,0,0.0,S,Second,man,True,Southampton,True,0.1574074074074074,19.74178240740741,-0.6462044460638905,"(20, 30]"
0,2,male,23.0,0,0,13.0,S,Second,man,True,Southampton,True,0.1574074074074074,19.74178240740741,-0.38447464817852084,"(20, 30]"
0,2,male,23.0,0,0,13.0,S,Second,man,True,Southampton,True,0.1574074074074074,19.74178240740741,-0.38447464817852084,"(20, 30]"
0,3,male,28.5,0,0,16.1,S,Third,man,True,Southampton,True,0.13544668587896252,12.661632564841499,-0.3220621579135481,"(20, 30]"
0,3,female,48.0,1,3,34.375,S,Third,woman,False,Southampton,False,0.5,16.118809722222224,0.045869538729154176,"(40, 50]"
1,1,male,35.0,0,0,512.3292,C,First,man,True,Cherbourg,True,0.36885245901639346,67.22612704918032,9.668550782149426,"(30, 40]"
0,3,male,25.0,0,0,7.8958,S,Third,man,True,Southampton,True,0.13544668587896252,12.661632564841499,-0.48723782005286725,"(20, 30]"
0,3,male,25.0,0,0,7.8958,S,Third,man,True,Southampton,True,0.13544668587896252,12.661632564841499,-0.48723782005286725,"(20, 30]"
1,1,male,40.0,0,0,30.0,S,First,man,True,Southampton,True,0.36885245901639346,67.22612704918032,-0.0422126047899606,"(30, 40]"
0,1,male,36.0,1,0,78.85,S,First,man,True,Southampton,False,0.36885245901639346,67.22612704918032,0.941287443417755,"(30, 40]"
1,1,female,21.0,2,2,262.375,C,First,woman,False,Cherbourg,False,0.967391304347826,106.69375000000001,4.636207532411021,"(20, 30]"
0,3,male,24.0,1,0,16.1,S,Third,man,True,Southampton,False,0.13544668587896252,12.661632564841499,-0.3220621579135481,"(20, 30]"
1,3,male,31.0,0,0,7.925,S,Third,man,True,Southampton,True,0.13544668587896252,12.661632564841499,-0.48664993466069395,"(30, 40]"
0,1,male,70.0,1,1,71.0,S,First,man,True,Southampton,False,0.36885245901639346,67.22612704918032,0.7832429116177435,"(60, 100]"
0,3,male,16.0,1,1,20.25,S,Third,man,True,Southampton,False,0.13544668587896252,12.661632564841499,-0.2385099532039878,"(10, 20]"
1,2,female,30.0,0,0,13.0,S,Second,woman,False,Southampton,True,0.9210526315789473,21.97012105263158,-0.38447464817852084,"(20, 30]"
0,1,male,19.0,1,0,53.1,S,First,man,True,Southampton,False,0.36885245901639346,67.22612704918032,0.4228611129909654,"(10, 20]"
0,3,male,31.0,0,0,7.75,Q,Third,man,True,Queenstown,True,0.13544668587896252,12.661632564841499,-0.49017322040145855,"(30, 40]"
1,2,female,4.0,1,1,23.0,S,Second,child,False,Southampton,False,0.9210526315789473,21.97012105263158,-0.18314403442054422,"(0, 10]"
1,3,male,6.0,0,1,12.475,S,Third,child,False,Southampton,False,0.13544668587896252,12.661632564841499,-0.3950445054008146,"(0, 10]"
0,3,male,33.0,0,0,9.5,S,Third,man,True,Southampton,True,0.13544668587896252,12.661632564841499,-0.4549403629938127,"(30, 40]"
0,3,male,23.0,0,0,7.8958,S,Third,man,True,Southampton,True,0.13544668587896252,12.661632564841499,-0.48723782005286725,"(20, 30]"
1,2,female,48.0,1,2,65.0,S,Second,woman,False,Southampton,False,0.9210526315789473,21.97012105263158,0.6624445433629575,"(40, 50]"
1,2,male,0.67,1,1,14.5,S,Second,child,False,Southampton,False,0.1574074074074074,19.74178240740741,-0.35427505611482435,"(0, 10]"
0,3,male,28.0,0,0,7.7958,S,Third,man,True,Southampton,True,0.13544668587896252,12.661632564841499,-0.489251126190447,"(20, 30]"
0,2,male,18.0,0,0,11.5,S,Second,man,True,Southampton,True,0.1574074074074074,19.74178240740741,-0.41467424024221733,"(10, 20]"
0,3,male,34.0,0,0,8.05,S,Third,man,True,Southampton,True,0.13544668587896252,12.661632564841499,-0.4841333019887193,"(30, 40]"
1,1,female,33.0,0,0,86.5,S,First,woman,False,Southampton,True,0.967391304347826,106.69375000000001,1.0953053629426073,"(30, 40]"
0,3,male,25.0,0,0,14.5,S,Third,man,True,Southampton,True,0.13544668587896252,12.661632564841499,-0.35427505611482435,"(20, 30]"
0,3,male,41.0,0,0,7.125,S,Third,man,True,Southampton,True,0.13544668587896252,12.661632564841499,-0.5027563837613321,"(40, 50]"
1,3,male,20.0,0,0,7.2292,C,Third,man,True,Cherbourg,True,0.13544668587896252,12.661632564841499,-0.500658518765974,"(10, 20]"
1,1,female,36.0,1,2,120.0,S,First,woman,False,Southampton,False,0.967391304347826,106.69375000000001,1.769762919031829,"(30, 40]"
0,3,male,16.0,0,0,7.775,S,Third,man,True,Southampton,True,0.13544668587896252,12.661632564841499,-0.48966989386706367,"(10, 20]"
1,1,female,51.0,1,0,77.9583,S,First,woman,False,Southampton,False,0.967391304347826,106.69375000000001,0.9233347925889563,"(50, 60]"
0,1,male,40.0,0,0,39.6,C,First,man,True,Cherbourg,True,0.36885245901639346,67.22612704918032,0.151064784417697,"(30, 40]"
0,3,female,30.5,0,0,7.75,Q,Third,woman,False,Queenstown,True,0.5,16.118809722222224,-0.49017322040145855,"(30, 40]"
0,3,male,25.0,1,0,24.15,Q,Third,man,True,Queenstown,False,0.13544668587896252,12.661632564841499,-0.15999101383837694,"(20, 30]"
0,3,male,32.0,0,0,8.3625,S,Third,man,True,Southampton,True,0.13544668587896252,12.661632564841499,-0.47784172030878247,"(30, 40]"
0,3,male,24.0,0,0,9.5,S,Third,man,True,Southampton,True,0.13544668587896252,12.661632564841499,-0.4549403629938127,"(20, 30]"
0,3,male,48.0,0,0,7.8542,S,Third,man,True,Southampton,True,0.13544668587896252,12.661632564841499,-0.4880753554061005,"(40, 50]"
0,2,female,57.0,0,0,10.5,S,Second,woman,False,Southampton,True,0.9210526315789473,21.97012105263158,-0.434807301618015,"(50, 60]"
0,3,male,25.0,0,0,7.225,C,Third,man,True,Cherbourg,True,0.13544668587896252,12.661632564841499,-0.5007430776237524,"(20, 30]"
1,2,female,54.0,1,3,23.0,S,Second,woman,False,Southampton,False,0.9210526315789473,21.97012105263158,-0.18314403442054422,"(50, 60]"
0,3,male,18.0,0,0,7.75,S,Third,man,True,Southampton,True,0.13544668587896252,12.661632564841499,-0.49017322040145855,"(10, 20]"
0,3,male,25.0,0,0,7.75,Q,Third,man,True,Queenstown,True,0.13544668587896252,12.661632564841499,-0.49017322040145855,"(20, 30]"
1,3,female,5.0,0,0,12.475,S,Third,child,False,Southampton,True,0.5,16.118809722222224,-0.3950445054008146,"(0, 10]"
0,3,male,25.0,0,0,7.7375,Q,Third,man,True,Queenstown,True,0.13544668587896252,12.661632564841499,-0.49042488366865605,"(20, 30]"
1,1,female,43.0,0,1,211.3375,S,First,woman,False,Southampton,False,0.967391304347826,106.69375000000001,3.608666412443748,"(40, 50]"
1,3,female,13.0,0,0,7.2292,C,Third,child,False,Cherbourg,True,0.5,16.118809722222224,-0.500658518765974,"(10, 20]"
1,1,female,17.0,1,0,57.0,S,First,woman,False,Southampton,False,0.967391304347826,106.69375000000001,0.5013800523565762,"(10, 20]"
0,1,male,29.0,0,0,30.0,S,First,man,True,Southampton,True,0.36885245901639346,67.22612704918032,-0.0422126047899606,"(20, 30]"
0,3,male,25.0,1,2,23.45,S,Third,man,True,Southampton,False,0.13544668587896252,12.661632564841499,-0.1740841568014353,"(20, 30]"
0,3,male,25.0,0,0,7.05,S,Third,man,True,Southampton,True,0.13544668587896252,12.661632564841499,-0.5042663633645169,"(20, 30]"
0,3,male,25.0,0,0,7.25,S,Third,man,True,Southampton,True,0.13544668587896252,12.661632564841499,-0.5002397510893574,"(20, 30]"
1,3,female,18.0,0,0,7.4958,S,Third,woman,False,Southampton,True,0.5,16.118809722222224,-0.49529104460318635,"(10, 20]"
0,3,male,8.0,4,1,29.125,Q,Third,child,False,Queenstown,False,0.13544668587896252,12.661632564841499,-0.05982903349378355,"(0, 10]"
1,3,male,1.0,1,2,20.575,S,Third,child,False,Southampton,False,0.13544668587896252,12.661632564841499,-0.2319667082568536,"(0, 10]"
0,1,male,46.0,0,0,79.2,C,First,man,True,Cherbourg,True,0.36885245901639346,67.22612704918032,0.9483340148992845,"(40, 50]"
0,3,male,25.0,0,0,7.75,Q,Third,man,True,Queenstown,True,0.13544668587896252,12.661632564841499,-0.49017322040145855,"(20, 30]"
0,2,male,16.0,0,0,26.0,S,Second,man,True,Southampton,True,0.1574074074074074,19.74178240740741,-0.12274485029315124,"(10, 20]"
0,3,female,21.5,8,2,69.55,S,Third,woman,False,Southampton,False,0.5,16.118809722222224,0.7540499726228369,"(20, 30]"
0,1,male,40.0,0,0,30.6958,C,First,man,True,Cherbourg,True,0.36885245901639346,67.22612704918032,-0.028204020684680614,"(30, 40]"
0,3,male,25.0,0,0,7.8958,S,Third,man,True,Southampton,True,0.13544668587896252,12.661632564841499,-0.48723782005286725,"(20, 30]"
0,2,male,39.0,0,0,13.0,S,Second,man,True,Southampton,True,0.1574074074074074,19.74178240740741,-0.38447464817852084,"(30, 40]"
1,1,female,49.0,0,0,25.9292,S,First,woman,False,Southampton,True,0.967391304347826,106.69375000000001,-0.12417027103855768,"(40, 50]"
1,3,female,31.0,0,0,8.6833,S,Third,woman,False,Southampton,True,0.5,16.118809722222224,-0.4713830342194266,"(30, 40]"
0,3,male,30.0,0,0,7.2292,C,Third,man,True,Cherbourg,True,0.13544668587896252,12.661632564841499,-0.500658518765974,"(20, 30]"
0,3,female,30.0,1,1,24.15,S,Third,woman,False,Southampton,False,0.5,16.118809722222224,-0.15999101383837694,"(20, 30]"
0,2,male,34.0,0,0,13.0,S,Second,man,True,Southampton,True,0.1574074074074074,19.74178240740741,-0.38447464817852084,"(30, 40]"
1,2,female,31.0,1,1,26.25,S,Second,woman,False,Southampton,False,0.9210526315789473,21.97012105263158,-0.11771158494920184,"(30, 40]"
1,1,male,11.0,1,2,120.0,S,First,child,False,Southampton,False,0.36885245901639346,67.22612704918032,1.769762919031829,"(10, 20]"
1,3,male,0.42,0,1,8.5167,C,Third,child,False,Cherbourg,False,0.13544668587896252,12.661632564841499,-0.4747372022446345,"(0, 10]"
1,3,male,27.0,0,0,6.975,S,Third,man,True,Southampton,True,0.13544668587896252,12.661632564841499,-0.5057763429677017,"(20, 30]"
0,3,male,31.0,0,0,7.775,S,Third,man,True,Southampton,True,0.13544668587896252,12.661632564841499,-0.48966989386706367,"(30, 40]"
0,1,male,39.0,0,0,0.0,S,First,man,True,Southampton,True,0.36885245901639346,67.22612704918032,-0.6462044460638905,"(30, 40]"
0,3,female,18.0,0,0,7.775,S,Third,woman,False,Southampton,True,0.5,16.118809722222224,-0.48966989386706367,"(10, 20]"
0,2,male,39.0,0,0,13.0,S,Second,man,True,Southampton,True,0.1574074074074074,19.74178240740741,-0.38447464817852084,"(30, 40]"
1,1,female,33.0,1,0,53.1,S,First,woman,False,Southampton,False,0.967391304347826,106.69375000000001,0.4228611129909654,"(30, 40]"
0,3,male,26.0,0,0,7.8875,S,Third,man,True,Southampton,True,0.13544668587896252,12.661632564841499,-0.4874049244622864,"(20, 30]"
0,3,male,39.0,0,0,24.15,S,Third,man,True,Southampton,True,0.13544668587896252,12.661632564841499,-0.15999101383837694,"(30, 40]"
0,2,male,35.0,0,0,10.5,S,Second,man,True,Southampton,True,0.1574074074074074,19.74178240740741,-0.434807301618015,"(30, 40]"
0,3,female,6.0,4,2,31.275,S,Third,child,False,Southampton,False,0.5,16.118809722222224,-0.016542951535818605,"(0, 10]"
0,3,male,30.5,0,0,8.05,S,Third,man,True,Southampton,True,0.13544668587896252,12.661632564841499,-0.4841333019887193,"(30, 40]"
0,1,male,40.0,0,0,0.0,S,First,man,True,Southampton,True,0.36885245901639346,67.22612704918032,-0.6462044460638905,"(30, 40]"
0,3,female,23.0,0,0,7.925,S,Third,woman,False,Southampton,True,0.5,16.118809722222224,-0.48664993466069395,"(20, 30]"
0,2,male,31.0,1,1,37.0042,C,Second,man,True,Cherbourg,False,0.1574074074074074,19.74178240740741,0.09880338369840133,"(30, 40]"
0,3,male,43.0,0,0,6.45,S,Third,man,True,Southampton,True,0.13544668587896252,12.661632564841499,-0.5163462001899956,"(40, 50]"
0,3,male,10.0,3,2,27.9,S,Third,child,False,Southampton,False,0.13544668587896252,12.661632564841499,-0.08449203367913571,"(0, 10]"
1,1,female,52.0,1,1,93.5,S,First,woman,False,Southampton,False,0.967391304347826,106.69375000000001,1.236236792573191,"(50, 60]"
1,3,male,27.0,0,0,8.6625,S,Third,man,True,Southampton,True,0.13544668587896252,12.661632564841499,-0.4718018018960432,"(20, 30]"
0,1,male,38.0,0,0,0.0,S,First,man,True,Southampton,True,0.36885245901639346,67.22612704918032,-0.6462044460638905,"(30, 40]"
1,3,female,27.0,0,1,12.475,S,Third,woman,False,Southampton,False,0.5,16.118809722222224,-0.3950445054008146,"(20, 30]"
0,3,male,2.0,4,1,39.6875,S,Third,child,False,Southampton,False,0.13544668587896252,12.661632564841499,0.15282642728807924,"(0, 10]"
0,3,male,25.0,0,0,6.95,Q,Third,man,True,Queenstown,True,0.13544668587896252,12.661632564841499,-0.5062796695020967,"(20, 30]"
0,3,male,25.0,0,0,56.4958,S,Third,man,True,Southampton,True,0.13544668587896252,12.661632564841499,0.4912289628108992,"(20, 30]"
1,2,male,1.0,0,2,37.0042,C,Second,child,False,Cherbourg,False,0.1574074074074074,19.74178240740741,0.09880338369840133,"(0, 10]"
1,3,male,25.0,0,0,7.75,Q,Third,man,True,Queenstown,True,0.13544668587896252,12.661632564841499,-0.49017322040145855,"(20, 30]"
1,3,female,15.0,1,0,14.4542,C,Third,child,False,Cherbourg,False,0.5,16.118809722222224,-0.3551971503258359,"(10, 20]"
1,2,male,0.83,1,1,18.75,S,Second,child,False,Southampton,False,0.1574074074074074,19.74178240740741,-0.2687095452676843,"(0, 10]"
0,3,male,25.0,0,0,7.2292,C,Third,man,True,Cherbourg,True,0.13544668587896252,12.661632564841499,-0.500658518765974,"(20, 30]"
0,3,male,23.0,0,0,7.8542,S,Third,man,True,Southampton,True,0.13544668587896252,12.661632564841499,-0.4880753554061005,"(20, 30]"
0,3,male,18.0,0,0,8.3,S,Third,man,True,Southampton,True,0.13544668587896252,12.661632564841499,-0.47910003664476986,"(10, 20]"
1,1,female,39.0,1,1,83.1583,C,First,woman,False,Cherbourg,False,0.967391304347826,106.69375000000001,1.0280267117431041,"(30, 40]"
0,3,male,21.0,0,0,8.6625,S,Third,man,True,Southampton,True,0.13544668587896252,12.661632564841499,-0.4718018018960432,"(20, 30]"
0,3,male,25.0,0,0,8.05,S,Third,man,True,Southampton,True,0.13544668587896252,12.661632564841499,-0.4841333019887193,"(20, 30]"
1,3,male,32.0,0,0,56.4958,S,Third,man,True,Southampton,True,0.13544668587896252,12.661632564841499,0.4912289628108992,"(30, 40]"
1,1,male,40.0,0,0,29.7,C,First,man,True,Cherbourg,True,0.36885245901639346,67.22612704918032,-0.04825252320269991,"(30, 40]"
0,3,male,20.0,0,0,7.925,S,Third,man,True,Southampton,True,0.13544668587896252,12.661632564841499,-0.48664993466069395,"(10, 20]"
0,2,male,16.0,0,0,10.5,S,Second,man,True,Southampton,True,0.1574074074074074,19.74178240740741,-0.434807301618015,"(10, 20]"
1,1,female,30.0,0,0,31.0,C,First,woman,False,Cherbourg,True,0.967391304347826,106.69375000000001,-0.022079543414162937,"(20, 30]"
0,3,male,34.5,0,0,6.4375,C,Third,man,True,Cherbourg,True,0.13544668587896252,12.661632564841499,-0.516597863457193,"(30, 40]"
0,3,male,17.0,0,0,8.6625,S,Third,man,True,Southampton,True,0.13544668587896252,12.661632564841499,-0.4718018018960432,"(10, 20]"
0,3,male,42.0,0,0,7.55,S,Third,man,True,Southampton,True,0.13544668587896252,12.661632564841499,-0.4941998326766181,"(40, 50]"
0,3,male,25.0,8,2,69.55,S,Third,man,True,Southampton,False,0.13544668587896252,12.661632564841499,0.7540499726228369,"(20, 30]"
0,3,male,35.0,0,0,7.8958,C,Third,man,True,Cherbourg,True,0.13544668587896252,12.661632564841499,-0.48723782005286725,"(30, 40]"
0,2,male,28.0,0,1,33.0,S,Second,man,True,Southampton,False,0.1574074074074074,19.74178240740741,0.01818657933743239,"(20, 30]"
1,1,female,35.0,1,0,89.1042,C,First,woman,False,Cherbourg,False,0.967391304347826,106.69375000000001,1.1477358813774596,"(30, 40]"
0,3,male,4.0,4,2,31.275,S,Third,child,False,Southampton,False,0.13544668587896252,12.661632564841499,-0.016542951535818605,"(0, 10]"
0,3,male,74.0,0,0,7.775,S,Third,man,True,Southampton,True,0.13544668587896252,12.661632564841499,-0.48966989386706367,"(60, 100]"
0,3,female,9.0,1,1,15.2458,C,Third,child,False,Cherbourg,False,0.5,16.118809722222224,-0.33925981894075447,"(0, 10]"
1,1,female,16.0,0,1,39.4,S,First,woman,False,Southampton,False,0.967391304347826,106.69375000000001,0.1470381721425374,"(10, 20]"
0,2,female,44.0,1,0,26.0,S,Second,woman,False,Southampton,False,0.9210526315789473,21.97012105263158,-0.12274485029315124,"(40, 50]"
1,3,female,18.0,0,1,9.35,S,Third,woman,False,Southampton,False,0.5,16.118809722222224,-0.4579603222001823,"(10, 20]"
1,1,female,45.0,1,1,164.8667,S,First,woman,False,Southampton,False,0.967391304347826,106.69375000000001,2.67306694386133,"(40, 50]"
1,1,male,51.0,0,0,26.55,S,First,man,True,Southampton,True,0.36885245901639346,67.22612704918032,-0.11167166653646252,"(50, 60]"
1,3,female,24.0,0,3,19.2583,C,Third,woman,False,Cherbourg,False,0.5,16.118809722222224,-0.25847591017036636,"(20, 30]"
0,3,male,25.0,0,0,7.2292,C,Third,man,True,Cherbourg,True,0.13544668587896252,12.661632564841499,-0.500658518765974,"(20, 30]"
0,3,male,41.0,2,0,14.1083,S,Third,man,True,Southampton,False,0.13544668587896252,12.661632564841499,-0.3621611762557243,"(40, 50]"
0,2,male,21.0,1,0,11.5,S,Second,man,True,Southampton,False,0.1574074074074074,19.74178240740741,-0.41467424024221733,"(20, 30]"
1,1,female,48.0,0,0,25.9292,S,First,woman,False,Southampton,True,0.967391304347826,106.69375000000001,-0.12417027103855768,"(40, 50]"
0,3,female,21.5,8,2,69.55,S,Third,woman,False,Southampton,False,0.5,16.118809722222224,0.7540499726228369,"(20, 30]"
0,2,male,24.0,0,0,13.0,S,Second,man,True,Southampton,True,0.1574074074074074,19.74178240740741,-0.38447464817852084,"(20, 30]"
1,2,female,42.0,0,0,13.0,S,Second,woman,False,Southampton,True,0.9210526315789473,21.97012105263158,-0.38447464817852084,"(40, 50]"
1,2,female,27.0,1,0,13.8583,C,Second,woman,False,Cherbourg,False,0.9210526315789473,21.97012105263158,-0.36719444159967374,"(20, 30]"
0,1,male,31.0,0,0,50.4958,S,First,man,True,Southampton,True,0.36885245901639346,67.22612704918032,0.37043059455611316,"(30, 40]"
0,3,male,25.0,0,0,9.5,S,Third,man,True,Southampton,True,0.13544668587896252,12.661632564841499,-0.4549403629938127,"(20, 30]"
1,3,male,4.0,1,1,11.1333,S,Third,child,False,Southampton,False,0.13544668587896252,12.661632564841499,-0.4220570338487224,"(0, 10]"
0,3,male,26.0,0,0,7.8958,S,Third,man,True,Southampton,True,0.13544668587896252,12.661632564841499,-0.48723782005286725,"(20, 30]"
1,1,female,47.0,1,1,52.5542,S,First,woman,False,Southampton,False,0.967391304347826,106.69375000000001,0.41187248809205507,"(40, 50]"
0,1,male,33.0,0,0,5.0,S,First,man,True,Southampton,True,0.36885245901639346,67.22612704918032,-0.5455391391849022,"(30, 40]"
0,3,male,47.0,0,0,9.0,S,Third,man,True,Southampton,True,0.13544668587896252,12.661632564841499,-0.4650068936817115,"(40, 50]"
1,2,female,28.0,1,0,24.0,C,Second,woman,False,Cherbourg,False,0.9210526315789473,21.97012105263158,-0.16301097304474657,"(20, 30]"
1,3,female,15.0,0,0,7.225,C,Third,child,False,Cherbourg,True,0.5,16.118809722222224,-0.5007430776237524,"(10, 20]"
0,3,male,20.0,0,0,9.8458,S,Third,man,True,Southampton,True,0.13544668587896252,12.661632564841499,-0.44797835037006184,"(10, 20]"
0,3,male,19.0,0,0,7.8958,S,Third,man,True,Southampton,True,0.13544668587896252,12.661632564841499,-0.48723782005286725,"(10, 20]"
0,3,male,25.0,0,0,7.8958,S,Third,man,True,Southampton,True,0.13544668587896252,12.661632564841499,-0.48723782005286725,"(20, 30]"
1,1,female,56.0,0,1,83.1583,C,First,woman,False,Cherbourg,False,0.967391304347826,106.69375000000001,1.0280267117431041,"(50, 60]"
1,2,female,25.0,0,1,26.0,S,Second,woman,False,Southampton,False,0.9210526315789473,21.97012105263158,-0.12274485029315124,"(20, 30]"
0,3,male,33.0,0,0,7.8958,S,Third,man,True,Southampton,True,0.13544668587896252,12.661632564841499,-0.48723782005286725,"(30, 40]"
0,3,female,22.0,0,0,10.5167,S,Third,woman,False,Southampton,True,0.5,16.118809722222224,-0.4344710794930392,"(20, 30]"
0,2,male,28.0,0,0,10.5,S,Second,man,True,Southampton,True,0.1574074074074074,19.74178240740741,-0.434807301618015,"(20, 30]"
0,3,male,25.0,0,0,7.05,S,Third,man,True,Southampton,True,0.13544668587896252,12.661632564841499,-0.5042663633645169,"(20, 30]"
0,3,female,39.0,0,5,29.125,Q,Third,woman,False,Queenstown,False,0.5,16.118809722222224,-0.05982903349378355,"(30, 40]"
0,2,male,27.0,0,0,13.0,S,Second,man,True,Southampton,True,0.1574074074074074,19.74178240740741,-0.38447464817852084,"(20, 30]"
1,1,female,19.0,0,0,30.0,S,First,woman,False,Southampton,True,0.967391304347826,106.69375000000001,-0.0422126047899606,"(10, 20]"
0,3,female,21.5,1,2,23.45,S,Third,woman,False,Southampton,False,0.5,16.118809722222224,-0.1740841568014353,"(20, 30]"
1,1,male,26.0,0,0,30.0,C,First,man,True,Cherbourg,True,0.36885245901639346,67.22612704918032,-0.0422126047899606,"(20, 30]"
0,3,male,32.0,0,0,7.75,Q,Third,man,True,Queenstown,True,0.13544668587896252,12.661632564841499,-0.49017322040145855,"(30, 40]"
